11,00,01,02,03,04,05,06
-0.029138614,-0.23414773849941972,0.07793182582926457,0.05318906881013176,0.17979958033579943,0.10353192986110553,0.032871287446952106,0.057583806559763064
0.009712871,-0.23253570702038792,0.07070487185827906,0.05976873204372667,0.19096168232194907,0.10074211482136902,0.03178339868581658,0.06861974393197764
-0.019425743,-0.20240512466497546,0.07118524328909581,0.05851886659403962,0.16885011487407903,0.12177053189817963,0.020741546315871308,0.06706582845407708
-0.019425743,-0.19689022686533134,0.07238936540210131,0.06454932607815897,0.1824917668051438,0.09518521719769255,0.0943884767134528,0.05915065188916578
-0.019425743,-0.23244526871534607,0.06696256615676294,0.06853206055000703,0.16823608031223336,0.10657725110155776,0.016653051194994647,0.07344464995758018
0.029138614,-0.22670630260783786,0.06878230617626443,0.063196541424176,0.1757736553965819,0.12750100893173413,0.061969695525415196,0.06556055319023658
-0.019425743,-0.19538115612815246,0.07723653431097163,0.062159584025950385,0.19427963672911414,0.10646019167495216,0.02291298353694148,0.0675334379341786
-0.048564356,-0.15261312096610172,0.11612092334859499,0.06760343562921736,0.32833754892364125,0.13817965623787354,0.08999501441368289,0.07616554336954767
0.019425743,0.09269030474675062,0.4029307064873609,0.13282428275829672,0.6707723708396932,0.1508482503679327,0.12066277042978564,0.0752290725323679
0.213683168,0.47842906058371004,0.7075949163446261,0.4724112584452929,0.8711779651313617,0.46230513060229034,0.548440950747468,0.30913683216265836
0.709039604,0.3545151128747568,0.69753022175679,0.7297788346082491,0.710842631090192,0.731483239174783,0.6792965463582608,0.6650868874948257
0.582772277,0.06105949019685436,0.3943869997299132,0.6464103243098468,0.3276501367144008,0.7332952570303829,0.5814641726169354,0.7349257770041523
0.359376238,-0.23684668944967174,0.04934406775600937,0.3073332824195796,-0.014150200842720312,0.49131483393956105,0.23455409688078094,0.46474726631943214
-0.07770297,-0.7062807643886448,-0.31069668013806995,-0.03018381853483267,-0.4087718259966581,0.12237691197788197,-0.1244321058027508,0.111033401431027
-0.330237624,-0.9893037231415747,-0.7298003944678314,-0.39033294050885553,-0.7907139813283061,-0.2411300649151815,-0.38792426964164595,-0.23675633305808963
-0.874158416,-1.2018074280928202,-0.9422360317013165,-0.7927725444320605,-0.8034644739719893,-0.6379579013576455,-0.835075615434207,-0.6403066005181605
-0.990712871,-1.2085663792616315,-0.8614402744147703,-0.9489275155143667,-0.7537423420002983,-0.8451848454546506,-0.8627783608913089,-0.9348269870116244
-1.087841584,-1.1515740612775547,-0.7948812587328229,-0.8696560822841367,-0.6024028793408864,-0.8696444735704538,-0.8284602325893788,-0.9017068498686084
-0.825594059,-0.9634866468538655,-0.5801442468089787,-0.7813269329686433,-0.3917496672256422,-0.7377927051730063,-0.6841747804038929,-0.8453088418694188
-0.75760396,-0.824658100945354,-0.4391801769199115,-0.5406419214419083,-0.2987540919987305,-0.5603610093302772,-0.5192719532375886,-0.6367981786649893
-0.514782178,-0.7277157948527703,-0.3867578307334293,-0.4390209622679728,-0.28096240416600127,-0.4022133193899108,-0.47640804305918655,-0.46322663889674104
-0.485643564,-0.6573834325953907,-0.34077552651976517,-0.3792347592485743,-0.0924653021130769,-0.3431567552973411,-0.36043619362432455,-0.4113827093739736
-0.359376238,-0.39664816289503685,-0.05468085310101761,-0.30097335931187313,0.22437597573926857,-0.2817631320393551,-0.262510169638542,-0.36137957766452644
-0.22339604,-0.068295284687876,0.29073431356038204,0.019419599910264006,0.6138120872117316,0.005215222178195843,0.1259318533198326,-0.1414282473969898
0.22339604,0.39915999343916797,0.7693974072195845,0.3633664463154784,1.0768578125895156,0.3566515213776411,0.3693604292066539,0.22731336701803503
0.660475248,0.7969258557037422,1.180246886294863,0.8546144518976534,1.4122917617343895,0.782792741860936,1.0297920981188013,0.6759486759282366
1.136405941,1.0812131877839517,1.4278207421473148,1.2302483071268493,1.6431393347266847,1.1990013242621378,1.2104625349602394,1.128116087302703
1.28209901,1.291834715704893,1.6125583368160825,1.4551598798117982,1.8432623309356428,1.4370267693681673,1.4880387750890556,1.3891137820738224
1.631762376,1.5150788331601028,1.821676548290155,1.6212174769402803,2.022482327063936,1.633397089714709,1.5909933470831579,1.5749436970196207
1.73860396,1.5765186825663142,1.8874780218647016,1.8546474736193885,1.9199509571613138,1.8348317714226188,1.8849698281467604,1.7916221107313866
1.903722772,1.3705107773600518,1.5814624371962565,1.85160017708342,1.493463881351748,1.8907789075347687,1.7545958213579116,1.9089287662059977
1.515207921,0.9673935106420192,1.1317456279334537,1.5016569747385544,1.044240952139687,1.5912114341155266,1.3687426104785152,1.6589593211614335
1.116980198,0.5253341903237584,0.7003087249222952,1.0209851947920123,0.619809699326302,1.1239273886302914,0.9550325387642348,1.211300216452066
0.631336634,0.0935408224035894,0.27135753332775325,0.6019313594826461,0.22659823700770348,0.6297406088624533,0.436295162275937,0.7789670198571563
0.22339604,-0.23812389729040973,-0.014667915027105953,0.19464016411630092,-0.02995371139267773,0.23711603548169366,0.13123020926320672,0.34091899274060045
-0.106841584,-0.6079996079274375,-0.32205111780282897,-0.0586219993227634,-0.41000321381262506,-0.0032945247803963735,-0.14766313079941404,-0.0008895507408463671
-0.437079208,-1.1628070956292447,-0.9308297424734517,-0.4029843217324317,-1.1527314215244593,-0.3608963307184556,-0.5049838025199057,-0.2742125579414578
-1.029564356,-1.7974134149143826,-1.6051415068204093,-1.0763885331983836,-1.7694921986460106,-1.0847074996275976,-1.2667395808518451,-0.8572835582305075
-1.777455446,-2.3620198804146018,-2.1210763203641836,-1.714796869257351,-2.38548996079078,-1.687612260885284,-1.837068373215852,-1.5333195369203036
-2.204821782,-3.040451638716498,-2.824207532391226,-2.241146815434971,-2.8814403951309973,-2.280229186985357,-2.336884233239638,-2.082795124630233
-3.069267327,-3.0681022346495217,-2.7947799652647283,-2.9433548578832536,-2.3682231064672945,-2.908260106166808,-2.958445369883106,-2.766456535397221
-2.826445545,-2.555734133301701,-2.0759303579220743,-2.6598559351873394,-1.8735188604038304,-2.458112007115688,-2.3883778188637295,-2.8766822163027723
-2.360227723,-2.194480195580223,-1.7846535617910901,-1.9801475868737115,-1.5585028009364,-1.8964218639059423,-1.9286647969986555,-2.137536119292187
-1.777455446,-1.8475878488945108,-1.423425035061163,-1.7320741892678382,-1.1939138340783144,-1.5987981477538526,-1.5754278280654717,-1.8440798268931753
-1.563772277,-1.4880745524414467,-1.088461045491345,-1.3260219982472317,-0.8534170317949923,-1.2673080094418427,-1.34216305492902,-1.4631793304375529
-1.078128713,-1.0843189509989888,-0.6638562939840412,-1.0046071000037586,-0.41327536682116506,-0.9351273514339149,-0.8956757098277024,-1.1203341764119978
-0.796455446,-0.5949506333406702,-0.1799077722127261,-0.5528258657046268,0.08862785897675604,-0.44211102384866635,-0.5027911375682815,-0.709025931524842
-0.22339604,0.0076647082670725074,0.4095103884256373,-0.07124804225562759,0.7341635317509841,0.035099724467387024,0.06164730202996948,-0.22312351125367275
0.330237624,0.7803187466402036,1.1975509999828762,0.5526732531098573,1.5559813844357138,0.6154728109159657,0.7017178960419495,0.3521966955882046
1.107267327,1.6830604677061354,2.1298947320829833,1.3772990104286742,2.4905286330494136,1.452305023236203,1.671281122218783,1.1670695185980704
2.204821782,2.5503278730783325,2.968168930173571,2.31981151516344,3.240846111656098,2.323210040469229,2.555023800389263,2.0792183238686506
2.894435644,3.113294781898339,3.4946013512544067,3.133370214488179,3.7123601862261704,3.100873347953521,3.243482986635816,2.9493538314562975
3.496633663,3.3411157735753227,3.6035177468730515,3.5583437543006218,3.7136912483911244,3.5716586713518224,3.6024349369038178,3.5224131246210173
3.584049505,3.1570546198985077,3.405195449840592,3.5945744958833106,3.4951261979316954,3.6228212706128966,3.4798113432747755,3.6220217848905922
3.39950495,2.761514521472258,2.9303154525320787,3.2821880985068175,3.014979799403511,3.353850107262988,3.1037760611927094,3.4265203287296933
2.826445545,2.317165794073944,2.536231355848803,2.8140510285232008,2.599163650627057,2.880187667672072,2.672628099920738,2.948620249250292
2.476782178,1.6136372977890188,1.762394641227962,2.3839948564316527,1.8071933525861603,2.4430368692487976,2.1627459867003127,2.5670384525906287
1.534633663,0.7857829821803255,0.9121490735968517,1.5300354666125027,0.9019312341765604,1.6313894185240496,1.1747736800926638,1.780684577839911
0.90329703,0.05776357337896232,0.21173371570488025,0.7140593393266425,0.2077223474570366,0.7207601906931905,0.5264077185696822,0.9348484591963122
0.116554455,-0.5327995872633755,-0.3026121274705106,0.059524845493621456,-0.28174540315306174,0.05555591761011564,-0.067453504204607,0.1703608165679649
-0.388514851,-1.3034076527696463,-1.1147992856576727,-0.4532423698974511,-1.1866882705942723,-0.5651849696345567,-0.6604110457699566,-0.3130735139225195
-1.272386139,-2.066333609875022,-1.9009757806241883,-1.3176750476936678,-1.9250673052891196,-1.3609541945675196,-1.530688105251757,-1.1567888356498617
-2.020277228,-2.924769763297403,-2.718982899800903,-2.041311824707303,-2.894502796453933,-2.0774008897084344,-2.2889580179739273,-1.8973866834773032
-2.962425743,-3.964104130194926,-3.8571622981763514,-2.992193298544994,-4.1934595813771205,-2.982684596263103,-3.252073176095653,-2.762697979812597
-4.079405941,-4.747288329913254,-4.626858421484471,-4.110056994674004,-4.512275323350252,-4.0325678789562875,-4.40572310591456,-3.8700876457171702
-4.875861386,-4.244495491121531,-3.8545047784525592,-4.642286992217841,-3.5863419764786477,-4.457504212574403,-4.351421660538905,-4.650517169527693
-3.807445545,-3.465496799294156,-2.8794854321182393,-3.5549187988005135,-2.7298396691464575,-3.3620386611600837,-3.2188022196310655,-3.8884622322202693
-3.001277228,-2.983306614925218,-2.5268706894225685,-2.7813989147394476,-2.3288696408141094,-2.7156547085143816,-2.675168428821788,-2.8959994795896598
-2.554485149,-2.174691720707654,-1.6949485708545415,-2.4130923535519946,-1.4096477274102128,-2.23899041658588,-2.16762739916593,-2.560254309222845
-1.758029703,-1.3429540104838071,-0.7910771830880163,-1.4429889391363695,-0.5903936873716551,-1.3491467336461338,-1.1029728641701473,-1.65762583708072
-0.728465347,-0.7666010539487846,-0.26870347892583374,-0.6027959903149893,-0.06017365332758343,-0.5970217597931785,-0.4367283615162733,-0.7862907676378668
-0.233108911,-0.22738140692602166,0.12590893241371093,-0.18693682086234706,0.3912390103648582,-0.15553819613725317,-0.04633502244834596,-0.2621732908631177
0.019425743,0.5792292801827812,0.9924157438213291,0.2763490436803958,1.3466453784737882,0.3784835813355958,0.586847312832006,0.14076866774613864
0.942148515,1.2824013320030014,1.6992371908926942,1.188867670219192,2.101883848911605,1.2542523083633255,1.3787238718369832,1.0053987811892562
1.699752475,2.098466832256802,2.4609233642935786,1.8414128034584811,3.0731295812953032,1.847579378647425,2.077272502499738,1.7513820541161431
2.447643564,3.109406193884436,3.541564121640553,2.70386570070265,4.026798066226435,2.7403806367650447,3.027244120037567,2.526327711483466
3.720029703,3.784523741520075,4.248584865144538,3.7824094249710485,4.4013321871655835,3.884792997435873,4.009248618102816,3.6243483765777222
4.127970297,3.8057430964609202,4.126574825005705,4.2966616391366355,4.059435146982526,4.274603505624247,4.245467279944679,4.277670714579359
4.157108911,3.401775255406942,3.5548831296866403,4.004329889791408,3.5188449793831422,3.952283391978851,3.7550983876417305,4.109405577749335
3.39950495,2.85265837830541,2.9904977348275232,3.3940251825804113,2.944639078681999,3.344454952710853,3.2172891691612637,3.5348590522436276
2.875009901,2.226596200049874,2.3764284640209072,2.838382230693275,2.1425269632529775,2.833530966351347,2.6224645222250835,2.968844913027454
2.136831683,1.3524654292793448,1.4772208398912903,2.1271593973128513,1.2635667990166044,2.124219209381273,1.8541366702960715,2.3024010404010204
1.301524752,0.6507743976914736,0.7855348410597482,1.207859495930606,0.7027100081443999,1.1462864376295523,0.8745134844982808,1.393628605157101
0.67990099,0.06344554762367374,0.2522351377666335,0.5950375927152182,0.14338843242018914,0.6622209364021776,0.49023608452200096,0.6967373895057477
0.048564356,-0.47953297533543376,-0.26600362255753773,0.10577528850328308,-0.49606039562419585,0.15801508039138132,-0.01046430693708951,0.19167937755802217
-0.437079208,-1.2581360110189082,-1.0503813596351284,-0.4437293076768254,-1.3111832374863,-0.5019745998643607,-0.6313506348913838,-0.34013598933949307
-1.301524752,-2.001434721439255,-1.8420901574505526,-1.300669688489628,-2.1427373595637524,-1.3733938415607962,-1.5685418664525248,-1.1636330188357922
-2.000851485,-2.8633837329275003,-2.6298626868432975,-2.0356790676430023,-3.115029018500949,-2.1417665667607646,-2.2803256174476916,-1.9426339047565762
-2.991564356,-3.8197362867810125,-3.6279267226574867,-2.8976597590472086,-4.195332374744138,-2.961205580358117,-3.224376959909906,-2.7960588191770817
-3.914287129,-4.6619273432068296,-4.530556664761204,-3.92955149037438,-4.32789349027864,-3.9541546521809963,-4.2486815526403525,-3.819843548535579
-4.934138614,-4.344465254606494,-4.051361603633614,-4.615633910459522,-3.2147086199899753,-4.46977759558238,-4.391794351572417,-4.582692805813851
-3.739455446,-3.4594867321764915,-2.8873085882851086,-3.6535463281800107,-2.6069902678146564,-3.493464924150187,-3.191653071999327,-3.815686059768405
-3.127544554,-3.0084829461214593,-2.5619575625795084,-2.698398444953524,-2.193439089084143,-2.6493809317688597,-2.590265190588452,-2.8152523945589363
-2.525346535,-2.351305491706357,-1.9273783385361594,-2.4556073250265196,-1.3475079555448315,-2.3666638625356597,-2.260143952452519,-2.52421545079162
-1.962,-1.5154714048070304,-1.0305453715826,-1.6521083640687018,-0.5431925332368759,-1.5921075024679714,-1.2780147551341137,-1.7754104188381892
-0.913009901,-0.8294665034380666,-0.33213147554575667,-0.794502228954598,-0.05159848060202952,-0.7500609168501393,-0.5542029878934576,-0.9049160783870129
-0.398227723,-0.3256146502684518,0.02439709449061029,-0.19142461184395335,0.4090203582889288,-0.1994824540142008,-0.08582844505649778,-0.2520377030282612
0.0,0.45162369119821566,0.794762256207113,0.1852378027956855,1.3189333865380937,0.2758201147555163,0.4580162316572793,0.1125252626561974
0.961574257,1.2282221337357633,1.5857548461000672,1.0972985283210812,2.1521288837697843,1.119867001930732,1.3497878284003426,1.0193167510325671
1.563772277,2.03705627747674,2.3372622153563776,1.8134989209357952,2.984374669042597,1.817161525904651,2.0837990609690773,1.7722773959024596
2.583623762,2.9759668307014873,3.3429797610954046,2.6642555298264394,3.949259043803717,2.7015264145120015,2.9943853010676036,2.5594260502836965
3.428643564,3.741628472438574,4.143159660606556,3.6500400280561154,4.418271418962355,3.6361670268056066,3.9486784265852224,3.574348023992612
4.331940594,3.836972993472408,4.183091894239386,4.2859447272859645,4.0147110823893435,4.233192606215143,4.171149244090321,4.24957410443311
3.982277228,3.398429408735207,3.613312002044039,4.037747239727168,3.3719688651000794,4.038675670490608,3.8819074332902264,4.102198355905687
3.457782178,2.8660648327222953,3.018924120690388,3.381759909925947,2.910282781932542,3.3691793028268293,3.1217218937356184,3.474252937684079
2.739029703,2.288924297704162,2.5045044571021573,2.8227033277555247,2.159307403445978,2.792824051662698,2.6667560450071353,2.914361850042788
2.26309901,1.4684246469306097,1.6313253942814567,2.238186486891532,1.3383815216838226,2.1410023962210936,1.857404488093453,2.3269371333801314
1.194683168,0.7241962669841229,0.8645021889372929,1.275423556058976,0.6755380770309165,1.282056186614043,0.9935788956678012,1.388835983256049
0.728465347,0.11361798260426459,0.31180748815915493,0.6510172713861999,0.21686338914913192,0.6731920488717156,0.5018997253108818,0.6906766911557638
-0.009712871,-0.39975605260876024,-0.14320230203960158,0.1120521135570076,-0.398044187292119,0.15713966760508452,-0.03318066064096677,0.14609578629008138
-0.437079208,-1.1407631290214193,-0.8287913853779721,-0.32344422468794987,-1.1531720956104365,-0.29128962047324525,-0.5521935128972754,-0.29482101338549704
-1.301524752,-1.8964876646934228,-1.6667077416558242,-1.182299093659904,-1.8488633367799414,-1.1882258959651424,-1.5166142598786523,-1.1156404688487527
-1.991138614,-2.718331316188919,-2.3894630873535543,-1.9321512656443196,-2.729222335158717,-1.8738349097250295,-2.1438259720677797,-1.8830669517229937
-2.923574257,-3.7327671587675804,-3.4481237612032607,-2.7815610885411237,-3.85007250184173,-2.7247772471998646,-3.1914341715036847,-2.7613783610047014
-3.894861386,-4.551883703541434,-4.334022399490594,-3.842848011247432,-4.300231083360433,-3.7789608421137695,-4.123085405027093,-3.8096869210208055
-4.642752475,-4.333541996842105,-4.167977772242497,-4.476912017116454,-3.364972551892589,-4.375613300686773,-4.366753538889006,-4.488566288299768
-3.84629703,-3.47491293294055,-3.011456923415645,-3.7087343152730368,-2.651872827149589,-3.5313842532035165,-3.2074315598761554,-3.800650445061246
-2.933287129,-3.080300742039749,-2.620477622522939,-2.7247925860772253,-2.3458625564517956,-2.6835590153651587,-2.640793396901821,-2.7835735275267117
-2.573910891,-2.4547837456928763,-2.155240401788383,-2.5237774496314422,-1.5733960238552644,-2.4127352423694934,-2.3618554834536214,-2.548482664469068
-2.049415842,-1.612300402342933,-1.2192608812900307,-1.7735242389457815,-0.6784696430852311,-1.5118722272872773,-1.3602985548730178,-1.8287960458437262
-0.913009901,-0.8900085011785761,-0.4570989572998195,-0.8451103180506002,-0.15059286013438264,-0.6013502328725078,-0.6054167308669819,-0.9210076208885674
-0.45650495,-0.40530119931750347,-0.08339526083799917,-0.23712706648477208,0.3174686720695056,-0.10650786953119354,-0.09804453823853272,-0.2737849662853485
0.058277228,0.3068084858522686,0.564446045778372,0.08037863692560193,1.2453063980059491,0.4036328434263191,0.3300028547157262,0.08635381400313878
0.845019802,1.1057266766313516,1.47808047741433,0.9839229952887615,1.9573818897965087,1.3066685038356998,1.381083969234454,0.9970342993775936
1.641475248,1.9004398273794794,2.1349612972082586,1.7581347300716155,2.8058814521458606,1.931037225004916,1.9349909821242013,1.7538294762652042
2.350514851,2.9004006899722743,3.1777970043752877,2.529232556340264,3.8262233140532214,2.809929557681235,2.9984117476923062,2.5001185059968036
3.720029703,3.687122530694164,4.04609841358378,3.6294335471723786,4.349478959163706,3.8640666470449325,3.910668646020429,3.626277222022786
4.098831683,3.8214920016692044,4.175880752885684,4.210156942982868,4.075727123004874,4.220131774612196,4.2413408296168935,4.241830871149907
4.166821782,3.414069049615472,3.6942252493324856,4.039465319473342,3.469636147468521,3.9222306606344848,3.8306969161758313,4.058618328233455
3.32180198,2.8910717134852826,3.0886574219722305,3.3954816039160005,2.984543938743955,3.3424494959892654,3.1427962024299063,3.4375964210204
2.923574257,2.3696879220603724,2.6037034108841195,2.878974779636027,2.3962787936237904,2.870371694584892,2.728971169368311,2.925395695309351
2.292237624,1.567762642092355,1.8419402493036228,2.3304940718987472,1.4634593970846288,2.207516661236323,1.9253740662777057,2.350127365572378
1.330663366,0.7439487494597878,0.9138433343058356,1.3796832288331367,0.7290055003416985,1.249562010265343,1.041170127990197,1.3983127753021234
0.60219802,0.1815195624270802,0.38459367197719213,0.6229186200464866,0.2980759858792822,0.5566823717478816,0.40344222615820374,0.6303941518455691
0.106841584,-0.3421348673814322,-0.06142059116858187,0.19672669231608825,-0.19290401653646028,0.10028597623558111,0.015054951441626815,0.15918467482674434
-0.407940594,-1.0487369026363715,-0.6638912578961323,-0.3111087463918724,-0.9575843078006988,-0.4750919774103112,-0.5400840781838295,-0.3119983809592513
-1.184970297,-1.8126517518677348,-1.5273053018306046,-1.0843155986661457,-1.676699226950159,-1.2251804707638063,-1.4282730751696864,-1.1258442056326279
-1.942574257,-2.5913278395191908,-2.1958038610266195,-1.8364592545495042,-2.549794983328458,-1.91844886984367,-2.08681371785458,-1.8601228080251049
-2.884722772,-3.652352066378554,-3.2360664768225775,-2.636722135822806,-3.7674933302178513,-2.773975902492177,-3.163902634993733,-2.7046758083273827
-3.894861386,-4.482252987807814,-4.249562430820132,-3.8268228496091536,-4.27046153382824,-3.933146665719241,-4.1621996524824985,-3.875951259724334
-4.633039604,-4.330294102809089,-4.172889199827906,-4.403895270272689,-3.6511923322819575,-4.212515905813717,-4.23845921025524,-4.402324063194973
-3.797732673,-3.540001558871074,-3.1416921608228594,-3.744975357935556,-2.7661400692959623,-3.1818296598742166,-3.128265365412025,-3.679326127051619
-3.001277228,-3.120764712012879,-2.6653252718654614,-2.7629791850417282,-2.522175965326483,-2.668497904249414,-2.769278810616061,-2.802025704531041
-2.651613861,-2.612380120846588,-2.2959430648384087,-2.597771764173955,-1.865523266938773,-2.3633316809464664,-2.3805783692704057,-2.586791986620702
-2.088267327,-1.7187629188205262,-1.4039588410933939,-1.9008807136542913,-0.9622643649885086,-1.5053715706433883,-1.5065298847604711,-1.8684113841815324
-0.971287129,-0.9328936795211165,-0.5634057826200657,-0.9478733271002011,-0.22433121215100077,-0.5619233111432169,-0.6077577823908483,-0.9355667639779927
-0.37880198,-0.4482470273425297,-0.1388914152674312,-0.2517967002361107,0.09019052892819243,-0.15150009598922878,-0.1108869721656089,-0.24195975008695483
-0.07770297,0.2569396206108246,0.4101885222029337,0.06012180816860486,0.8752700784864692,0.4220756201043005,0.3458548801617032,0.09241665018935762
0.854732673,1.0616958887105636,1.3574373578294698,0.9181908043825624,1.6879855311633707,1.3267935160472555,1.2890069702722133,1.0223751973624184
1.524920792,1.8078594239650285,2.0063594536248153,1.7001572905683937,2.41201469231892,2.037226396769079,1.9848282663448686,1.764935612770275
2.496207921,2.7922250775695927,2.9320781590638236,2.438001346258292,3.5115026341005255,3.0569175074139503,2.9099388193146023,2.4870595931156267
3.448069307,3.6260197999913815,3.9256037753468,3.5000961192840747,4.265045069576536,4.0559826100821095,3.883922442718422,3.6316202550187637
4.22509901,3.769209016903555,4.154170340727658,4.204325668374459,4.173592177151866,4.1007129297977984,4.196673751468458,4.222780475011769
3.84629703,3.4398605270317666,3.743850978706634,3.9634764209288167,3.727510962610659,3.6664184311155337,3.6523118717336382,3.9648200382883947
3.496633663,2.960448346683974,3.218503003687757,3.4693176492098194,3.196972697857141,3.1691430532509663,3.234266386979757,3.4405736541300014
2.748742574,2.453791511944945,2.744721714679109,2.930347018900988,2.736526902960846,2.6292164729273075,2.7758757946428108,2.9164581100250224
2.457356436,1.6569344810177622,2.0363619369219563,2.429007710347351,1.7607445936780355,1.8196808884819968,2.037197480324297,2.3557275909572932
1.350089109,0.7811773462523428,1.0517244736554237,1.4457870771730448,0.9154875448757465,0.9708700913118385,1.052676251508142,1.3913721070772056
0.631336634,0.1957127286625958,0.4657102125050069,0.6582646416765574,0.41775822871134016,0.40512209883086975,0.39969342342187586,0.6365481850167726
0.067990099,-0.3173789229908098,0.023849582014052823,0.20271341339149107,-0.04807701243002724,-0.06786890944531984,0.017737058035121607,0.17255663699363738
-0.388514851,-1.013288262628665,-0.5857934140757612,-0.28169826739346643,-0.7415993207337476,-0.6836623522705565,-0.5931194830638552,-0.33473431673208237
-1.252960396,-1.7683421097623193,-1.4167564646944508,-1.065798102173265,-1.5051072180644456,-1.459138154928031,-1.423976029687485,-1.1902353967509804
-1.971712871,-2.493725234937221,-2.077064383885586,-1.7738638745385442,-2.2101964125287967,-2.1054770192079695,-2.135136930494295,-1.8720611019852575
-2.768168317,-3.455343605056955,-3.011767029495122,-2.5362100767914684,-3.3175524239319385,-3.1013554305820863,-3.0179354056836356,-2.7013132646584457
-3.797732673,-4.450089987563167,-4.094336452775518,-3.6411185415306333,-4.345228023600446,-4.157209358576321,-4.196910110225324,-3.7982006216563975
-4.710742574,-4.429399952095798,-4.42020034402066,-4.528343185074845,-3.819371176955158,-4.18638450653788,-4.352651116926787,-4.543046583773851
-3.788019802,-3.5159509213567546,-3.2161144834328748,-3.8293847101589673,-2.7529397557640527,-2.93552688402515,-3.0567027650310608,-3.5393826375644886
-2.836158416,-3.0983233912622516,-2.596058173439826,-2.683734049284385,-2.4812370530005596,-2.5165614031782964,-2.6735589497850323,-2.6684815754181535
-2.690465347,-2.659160362671858,-2.4229604614859137,-2.5793980358202013,-2.066288105067331,-2.1611338818703736,-2.405190075584418,-2.5448108226799224
-2.088267327,-1.8488405197362137,-1.6221543280154103,-2.0197389543568125,-1.119900962246649,-1.232712668403076,-1.6129967381142585,-1.915299767083422
-1.029564356,-0.9848831269221898,-0.639072084055944,-1.0251615877604678,-0.207636940169876,-0.42985243608322543,-0.5507576585354241,-0.9328697183355021
-0.281673267,-0.48984966099108385,-0.10182734820710494,-0.23678050626591277,0.08157955276570511,0.027753097800394255,-0.10922246018214164,-0.18646046321025764
0.0,0.14184963967114256,0.2918837860890173,0.05733088775491778,0.6625058901539245,0.6082976952186905,0.3249564221576675,0.11278225129464407
0.777029703,0.9533844438962669,1.1881374615948102,0.7973809025906491,1.5660137539312984,1.4477175186520024,1.2633934417947195,0.954910848959647
1.573485149,1.7098768689905528,1.8878154820451258,1.6292689425349807,2.3325302603182636,2.0788203171452957,1.9669784724885262,1.7503649086666129
2.360227723,2.6735449711963226,2.7798734532857554,2.338597028682774,3.33822532426992,3.0695493603273083,2.89656986247239,2.533157493142256
3.661752475,3.601213272762731,3.8455037251540944,3.4305962122810825,4.21098761465001,3.994162939030291,3.9099815727125953,3.6602255765524454
4.14739604,3.8294140902848444,4.23216393547182,4.217507711330241,4.288066111634505,4.183449064118764,4.2758458992887,4.270184435573668
4.059980198,3.4134318537588277,3.776659763553836,4.034999897324214,3.697610187437833,3.6236862595851593,3.5909971250883608,3.9558775385212632
3.16639604,2.925002470915046,3.160954853140438,3.337176166255511,3.2033024954203495,3.153948008120492,3.1806758591917452,3.3042042185662117
2.86529703,2.5379415164933237,2.828126800654914,2.9166998931005006,2.8547703097999193,2.658932973813304,2.7876160103238266,2.8889026768430197
2.457356436,1.8260314955753993,2.222366372470131,2.529673826030957,2.106394698306032,2.146324492618993,2.1607374376820636,2.3964586621319457
1.447217822,0.9002848450770119,1.2430491113765736,1.6074410605866183,1.159764120883818,1.1092929537894238,1.1040250171691621,1.45542643473457
0.563346535,0.2639101986750617,0.5185006236406591,0.7075284598601334,0.5328227671538799,0.4814029471987145,0.43154924363069774,0.614445264578475
0.097128713,-0.2577776701111332,0.082272657545171,0.24638352687450385,0.11038766065672777,0.05011989175818357,0.02322564122403746,0.14237183511057738
-0.475930693,-0.9538579955069526,-0.45615213409070865,-0.2351165314635985,-0.5302929763417881,-0.49476169924244306,-0.5909695602473902,-0.37847885643828205
-1.20439604,-1.709474598050053,-1.3023175711574502,-1.0223680682826826,-1.3486548827235594,-1.30371796470344,-1.4795032389451865,-1.2222520667449341
-1.942574257,-2.440509008417905,-1.998292959613724,-1.792851290668498,-1.9958403350991487,-2.00788220271478,-2.119935978090108,-1.9128827343297994
-2.748742574,-3.412377606407692,-2.85696727230755,-2.4903296715840613,-2.9368747972171216,-2.9424243502792358,-3.0441859492174115,-2.735759767509008
-3.836584158,-4.39129776414318,-3.9594201233582624,-3.6137209078181636,-3.9640534683058903,-3.970253837875468,-4.171763779415872,-3.8550748723964054
-4.730168317,-4.474848913526802,-4.4306608674257575,-4.448538428995891,-4.312077763232809,-4.291100940533469,-4.295666712431879,-4.4662180240500335
-3.817158416,-3.562332141750704,-3.4392767799397572,-3.9140877986959994,-3.2292715996735124,-3.32393100108007,-3.1302416699819062,-3.5814457807276927
-2.826445545,-3.1024791083402787,-2.5903927196207097,-2.6477453283993873,-2.564938484847913,-2.5511842667207185,-2.630068475728084,-2.636885623277986
-2.661326733,-2.746926115983794,-2.5224138386343973,-2.5897075543619272,-2.359566655755682,-2.3764566161688534,-2.447688565008903,-2.5627934769157794
-2.136831683,-1.9453947296487943,-1.8206315148058896,-2.1094894768461687,-1.571252390081082,-1.6470007842093286,-1.6798041027119215,-1.9265194252307862
-1.05870297,-1.0448205538453363,-0.802693535845037,-1.1078733481961898,-0.6082920787374873,-0.6562929431905371,-0.6075764954057399,-0.8725218251897844
-0.359376238,-0.519610116567778,-0.1528703117383221,-0.24357248954658106,-0.03180157950283833,-0.0963810676845326,-0.12100702715996421,-0.18214894753526412
-0.009712871,0.08232529983056097,0.18253202455164255,0.015397979883189845,0.35190816929749963,0.2855540943077608,0.36240746133891566,0.12451391471661141
0.932435644,0.9279218656935316,1.0928397513109804,0.8017207647455432,1.2591608685725557,1.1475559174763306,1.2745406018371188,1.0412886998525581
1.534633663,1.6720703200594778,1.79841939102159,1.611666406848886,2.07639680448565,1.871754675783642,2.05592441265499,1.7865773445576094
2.525346535,2.5739978746892014,2.6216842745707085,2.3432790849718033,2.9032402083495126,2.749548159576952,2.831343860491611,2.610053950399085
3.302376238,3.512671895585941,3.6203752461637455,3.327253340658984,3.891275244649041,3.7618916255940884,3.9454562649462512,3.618451861050657
4.293089109,3.8343437297042597,4.294971255924724,4.226061165382975,4.41337222416496,4.2628958157582915,4.26694645405633,4.323040899121094
3.856009901,3.416287689001077,3.8634295301968242,4.065585476103674,3.9324776030999766,3.857748722301747,3.6418472769457377,3.9109340808516517
3.350940594,2.9824192578768725,3.262589445866344,3.3841554679434407,3.4037829422035157,3.287743560802984,3.0986475890596332,3.2806976428646997
2.729316832,2.5579650081080905,2.860273278735334,2.9416653182349974,2.970316826304257,2.888745404134128,2.7347742315644625,2.8862337772820905
2.535059406,1.9097573774220666,2.394994141874021,2.5786083532003627,2.5268013789066877,2.3513375742430402,2.227783574185801,2.4210840637961195
1.418079208,0.9817874233595328,1.424728618774263,1.723863897501807,1.498567732065183,1.441464310642141,1.1143934722540736,1.464610633904593
0.631336634,0.27935641240006726,0.6063656321724895,0.7483758272364623,0.7458709885212027,0.643966631187287,0.38391266084251924,0.5945927827934288
0.087415842,-0.30717786213680426,0.06174743785173188,0.19582941197491383,0.198197477050189,0.14474798864779254,-0.09773816409069298,0.05177428213991278
-0.427366337,-0.9331746949566901,-0.42872773373943873,-0.27722458788861637,-0.2917644659879092,-0.34250771529132784,-0.5536174332317867,-0.4514352886393735
-1.175257426,-1.6742275592730398,-1.1794908577710106,-0.9800352049081278,-0.9960136270903042,-1.088289048602533,-1.4308511255720284,-1.2150726245578345
-1.991138614,-2.372384085679566,-1.8549946170576526,-1.6806643351604929,-1.726349937497506,-1.7734237452266077,-2.0346675343894147,-1.8830962058403875
-2.768168317,-3.3926904116356074,-2.7670490672499253,-2.4698913872394876,-2.6915961071476304,-2.587872573078849,-3.169057521782193,-2.843601013898292
-3.982277228,-4.404072463034759,-3.9148398832104574,-3.635638993190678,-3.8017797895299124,-3.7020176353276444,-4.212984161569735,-3.97936838027147
-4.613613861,-4.51042090821428,-4.495899490309631,-4.501182340141384,-4.372655663656517,-4.379577926973066,-4.321197274445212,-4.502912451659869
-3.797732673,-3.5592047271385083,-3.540737318107702,-3.92851252694039,-3.5565394138953073,-3.569456996353181,-3.038251577213951,-3.472429563727687
-2.729316832,-3.0691014647077055,-2.5779290344299044,-2.641562254381201,-2.5659851698199243,-2.5948239190980367,-2.4527600901281286,-2.564495876789075
-2.612762376,-2.7745426219288585,-2.511462968667022,-2.5402608030789007,-2.465109545457032,-2.4536167602236945,-2.4424815682329655,-2.5170607969166534
-2.156257426,-2.05633651510647,-1.9852749498716304,-2.1690116194801186,-1.8758989559336974,-1.944552752089851,-1.7482522075709146,-1.9342878093028377
-1.126693069,-1.091291687010071,-0.9636448027427508,-1.217552926605808,-0.9034672668658247,-1.029151032636069,-0.5864463032738143,-0.869944404533014
-0.22339604,-0.543845740612986,-0.17271244509651104,-0.25562109688568996,-0.09914702145925178,-0.206326578253974,-0.09937344486285066,-0.14062058047346973
-0.029138614,0.0004930103392443734,0.09956292672711961,0.01292601071344676,0.16253675629480685,0.09132084062283512,0.30136606062572413,0.13584797598255938
0.689613861,0.8531722269499913,0.924615027696417,0.6557444477863528,0.971818369020525,0.846839398542036,1.235029501616042,1.0507480808701124
1.670613861,1.6186340331713374,1.7576919583571156,1.5968692729553144,1.885180260635265,1.686296097951865,1.9937609877089497,1.8301184045708518
2.389366337,2.610398902221827,2.548307402200753,2.2940264812805147,2.6812674013172213,2.391409245637415,2.935372953154953,2.6903772282467977
3.652039604,3.5933984099617677,3.7118814457788014,3.4506612345430114,3.804135614705205,3.526348817313037,4.13007359900409,3.859863810937505
4.234811881,3.8791081523861473,4.306402189930274,4.2956340585161685,4.437176733391456,4.261844373771497,4.237045836022111,4.356431808819002
3.972564356,3.439371241831401,3.9261578580606047,4.088741911286079,4.128743885836631,4.059751585056635,3.653118964636803,3.8731456710411263
3.16639604,2.9229856416242606,3.2264557518125407,3.371409703704476,3.4513646462537495,3.3780233245818394,2.9582505938107544,3.1769176951956806
2.826445545,2.567634888358947,2.8559716560978683,2.893637088970974,3.029133024717122,2.9229354534435257,2.745530608620729,2.8373710453503613
2.476782178,1.9924361474560048,2.4836430212390384,2.59607254822695,2.6161673735615314,2.474825142399614,2.0935455167987427,2.3933181887669415
1.592910891,1.0707566097812782,1.593368500030798,1.7974785945172886,1.7396445722256162,1.562894769205026,1.1283247435839054,1.4690471687155957
0.582772277,0.273304387895901,0.6684513603079693,0.814237705374062,0.8687348826843183,0.652949217917396,0.3987802074547666,0.5295507090412871
0.048564356,-0.24465413778845654,0.1020960827193784,0.17408122592723205,0.256020607593167,0.09606910060484494,-0.031105850250006735,0.03503698752916921
-0.543920792,-0.8666617578928162,-0.3319109680491348,-0.22465452635918984,-0.17224266835789107,-0.3285929639613376,-0.5857646003400317,-0.45738291974841355
-1.252960396,-1.5931695984458722,-1.073542445429523,-0.9643241370952111,-0.9032552172848645,-1.1735158796690008,-1.4142790151465114,-1.2622802212428446
-1.923148515,-2.3788854524470273,-1.7911621291047095,-1.682586705749598,-1.6352415725593439,-1.832942585409681,-2.1176771068500844,-1.9682419260203823
-2.933287129,-3.371082439852608,-2.7183707161635415,-2.5400394439720095,-2.4944562111697404,-2.790275421626153,-3.2548891062528953,-3.0010818856910606
-3.972564356,-4.354881269950237,-3.787667806778201,-3.6208535911984634,-3.5663659533049525,-3.8772634393691425,-4.21093581008452,-4.043356430414019
-4.691316832,-4.56635996139311,-4.492331913727435,-4.474978537572289,-4.316110450336768,-4.3775453011874035,-4.354207411361779,-4.46407861609186
-3.739455446,-3.6315252009222507,-3.7592646686176745,-3.9749215013339887,-3.7321107514194134,-3.512672685309315,-3.068352144574558,-3.4212430768744206
-2.739029703,-3.0451669713386984,-2.61837100446956,-2.6743566923317084,-2.6432852776958056,-2.4893542562582063,-2.438842997142922,-2.5639640886125807
-2.554485149,-2.8247505468196388,-2.5134151296479237,-2.5054049127985496,-2.424759507629471,-2.413402414316532,-2.5046749549279625,-2.499436668874521
-2.165970297,-2.162796000492092,-2.1274443362228674,-2.24043708810883,-2.1376254823789274,-1.8801406243843648,-1.7739920298342957,-1.9514800303997129
-1.214108911,-1.1652254750943059,-1.1394622206897245,-1.3278697803235167,-1.2170364437916799,-0.781658104650689,-0.6050352418627817,-0.85172150128534
-0.165118812,-0.5317971261132217,-0.1943782966661953,-0.25058063495565674,-0.2250702775067621,-0.08266427234571022,-0.047472184484068425,-0.08225199939294077
-0.038851485,-0.04736903561726835,0.07547640921987801,0.01918514227557782,0.1117823608822369,0.28971056035097437,0.2633914084961639,0.19638742198408873
0.854732673,0.8233236382569408,0.8076631978896436,0.6473678436824627,0.7045770607560332,1.1661240822110839,1.2696168300893091,1.1284746674780712
1.563772277,1.6231222750136225,1.6725661869281843,1.596717387398381,1.6359155785373514,1.8974324271083853,2.0735070619447695,1.8948248227927615
2.593336634,2.5811531780900685,2.4662929982765105,2.313278279242852,2.3464456148281774,2.770482440661147,3.0307839724378574,2.8387327700588654
3.525772277,3.603180125134919,3.5941695483070184,3.4451316220213104,3.566111499434903,3.863207461446842,4.176739555631656,3.9334926611256535
4.419356436,3.887235093766093,4.309601639986392,4.290438205689312,4.451956819901957,4.300338682197415,4.217882299462889,4.317343860526381
3.758881188,3.4600029481690036,4.0202965838797855,4.077516989923839,4.128659789679552,3.7657485884543784,3.656002178838771,3.7917441862562398
3.292663366,2.955401208965162,3.330003838486769,3.3892149279742485,3.5612579511147207,3.1889779815325183,2.955115909371571,3.179044074605408
2.729316832,2.592969598746911,2.910801699403856,2.9125788626229214,3.0745965237958477,2.862411783528127,2.798185039157191,2.8109690454559453
2.593336634,2.066078665381444,2.606792276991827,2.646156100778746,2.7898015887646004,2.4288341303465364,2.223520404014916,2.397769968018569
1.486069307,1.1492563854375608,1.7600860208250024,1.8872402675864417,2.0402660003081174,1.5535227646197995,1.1871232139654866,1.392617660879699
0.631336634,0.3439954061733718,0.7919216067755827,0.8507563024515685,1.001803991841121,0.6828730507489098,0.39656129142960705,0.5068983021645005
-0.009712871,-0.22568988318016217,0.16853057286103174,0.2028998197360781,0.24517809775638932,0.07537833112705364,-0.09381294105897318,0.0065205740358035445
-0.60219802,-0.8862765058912189,-0.293437181911696,-0.22514990542131041,-0.19583493609551972,-0.40647309517356267,-0.6521675767201331,-0.5581113759228298
-1.214108911,-1.630811055383379,-1.0503755253888258,-0.982786649423198,-0.9756115609023547,-1.169025307411307,-1.5132650996062753,-1.3497086705011354
-2.010564356,-2.3660678312618644,-1.7503346069946304,-1.6929492394862922,-1.6276135677999242,-1.7853774423538045,-2.174122276938912,-2.0653570578186766
-2.86529703,-3.382638024511897,-2.6512775737123127,-2.532609019221287,-2.6150850680901816,-2.8067773915551,-3.3106326227441087,-3.102337614492343
-4.108544554,-4.350064453193652,-3.7303784868517256,-3.6255574146414222,-3.7131239050325062,-3.8467807924035573,-4.257201913260363,-4.0915613766105405
-4.613613861,-4.589848173071195,-4.483015411670126,-4.456898920068981,-4.371291716878279,-4.385363873016656,-4.3220427304761095,-4.5026838966562135
-3.914287129,-3.6907379731459535,-3.9557352401803736,-4.051807764604567,-3.744591432704543,-3.631376017789644,-3.005982932871762,-3.3642057745409133
-2.622475248,-3.0754962998854913,-2.6921411372785626,-2.6878868193819794,-2.608331442751433,-2.5891548113488905,-2.417107580573973,-2.523861991357666
-2.603049505,-2.8491855395397803,-2.515037085217179,-2.504793795263595,-2.4274817725120377,-2.4576841646602094,-2.526453188372253,-2.5097024845101377
-2.243673267,-2.2725615232596508,-2.2601058914628784,-2.3236624924162093,-2.0438368696242204,-2.1217886302427833,-1.8608661386945102,-1.9780176741066315
-1.214108911,-1.2325611022914102,-1.3531556454211409,-1.444206343291663,-0.9849135658043201,-1.1483682375249809,-0.5988495269235864,-0.7931158626574161
-0.155405941,-0.5719496057183628,-0.24803416505509757,-0.26523794718236304,-0.0494162874451843,-0.1964290563009065,-0.04424679497338046,-0.06025439175181453
0.087415842,0.01665379146071054,0.0973257525814462,0.06293136860758196,0.2473086699010931,0.15030885572564734,0.382047138176136,0.32154771715239827
0.893584158,0.813443485446608,0.7665956327244066,0.7313540993274577,1.052190823444947,0.8447540625044797,1.3513687462438655,1.226086096128739
1.670613861,1.5603667760876627,1.579265829071076,1.5551226581629733,1.790051459820167,1.5795738083056583,1.9803213853163397,1.8819522404917686
2.48649505,2.539881514179013,2.3309405763500335,2.2967882124746066,2.6502062891006903,2.413213427053243,3.118196187469068,2.930364860877797
3.768594059,3.547395240768654,3.4624193613637892,3.4503568580369994,3.8925043547566385,3.530541869433457,4.14582514579004,3.9956148888816463
4.157108911,3.9366943087733195,4.256788237506245,4.278528116251069,4.424576395556484,4.260375698349016,4.284229090846963,4.351626309142446
4.089118812,3.6022754720948353,4.167058262714001,4.1931375219972296,4.220112786958718,4.161038369599323,3.736284054124578,3.8971680325082287
3.146970297,2.9892273310620423,3.504505366884398,3.485835409070848,3.5133679255900088,3.5973602164821914,2.9067895791601863,3.1702798203701947
2.807019802,2.5948203481018504,2.8889507961282783,2.8588709825943095,2.9755006297880384,2.957303421098802,2.7965556569061563,2.754916392079876
2.350514851,2.126561474441339,2.6360191078038913,2.632096870551009,2.5762961072126718,2.6068169192837636,2.2705305492245738,2.3871884325697033
1.728891089,1.2404014818068256,1.9897529575193487,2.001285481507352,1.7301729936722672,1.8087451244877313,1.2382754150852513,1.3751600195253781
0.475930693,0.3609471829944965,0.9137979382958762,0.905315742809469,0.7286861255328361,0.7672041111155743,0.33099267267248716,0.4598199943252518
0.048564356,-0.2514360451977493,0.1992617161427578,0.16821495928134622,0.12655611649900161,0.11744552624820097,-0.058351319478641854,-0.04224653204724875
-0.553633663,-0.8863842494999337,-0.2311898478384358,-0.23707550623755017,-0.4187678166406271,-0.26846039786527826,-0.7106577726079348,-0.6006256640983495
-1.184970297,-1.6462953235577813,-0.9837581285673745,-0.9941923216919307,-1.1706303645735012,-1.0879621761920495,-1.5898845191551503,-1.450526003926619
-2.078554455,-2.4037534200871837,-1.7407016917673033,-1.7689562849287026,-2.0128116527349467,-1.8665698276293934,-2.261359139231203,-2.220582104444378
-3.010990099,-3.365970994071385,-2.570318529797106,-2.5606855684505585,-2.9987773732481067,-2.736789781724249,-3.3713816736909976,-3.2107960599214587
-4.098831683,-4.346812009361934,-3.6264677824759213,-3.645859669681982,-4.020104114899047,-3.8218881449854494,-4.3038844500547,-4.236470093602045
-4.759306931,-4.579237770030906,-4.469249949598437,-4.505147476158367,-4.282361407798676,-4.36150296050125,-4.261415789480675,-4.429706371937619
-3.632613861,-3.7297108933032317,-4.00341481148182,-3.995221513133447,-3.05756339317268,-3.477517317908323,-2.9377168039512296,-3.2476238020166184
-2.748742574,-3.114148717425656,-2.8083014733068845,-2.759950838325957,-2.5090118945971422,-2.647442184695917,-2.555559014035664,-2.59333694580582
-2.554485149,-2.858379028943493,-2.5376625802030888,-2.533882935584729,-2.3424059181989922,-2.4518268944481814,-2.3736855639999663,-2.4520328586552953
-2.272811881,-2.3558644814062544,-2.3199222582376016,-2.308685595252649,-1.7538479450507005,-2.171609257557832,-1.839672248567801,-2.000233251799803
-1.233534653,-1.339898891713648,-1.5852415880503128,-1.5547229040055102,-0.5716534503230748,-1.2376530029902193,-0.656418040905795,-0.8002500836566265
-0.097128713,-0.4901182370095879,-0.35739377888299445,-0.30802894583716534,0.1399527913876066,-0.10224782520693065,0.07871937179334028,0.034300175766633856
0.174831683,0.02354708336379044,0.12886415362061168,0.1457361788408704,0.583394960782457,0.2740680326048282,0.4316204294439577,0.40232346308503375
1.010138614,0.8315325215700822,0.6884305455427602,0.7092406455633481,1.5090590495419598,1.0178573747294286,1.419509826406999,1.3026628077492601
1.641475248,1.5693839928114868,1.559965209932591,1.598076019167502,2.204236242249206,1.7725922833338545,2.0741290131732666,1.9854961470002872
2.632188119,2.5677540293391843,2.2901036532349477,2.303322626506482,3.3684284294393687,2.523446710176313,3.1767380250261437,3.0266813844599594
3.739455446,3.6182072366296354,3.4414227228151293,3.493869550030332,4.379565229432586,3.6808182258207127,4.297553566402469,4.16630493203609
4.351366337,3.9290463289312814,4.324370471110202,4.362497352325727,4.363248173831441,4.354841491749907,4.186505160514872,4.319921659985592
3.885148515,3.6324630250749417,4.147709164215836,4.1202057362668505,3.8926291103305224,4.044927471244902,3.718032512536698,3.828216737441018
3.282950495,3.060136393367789,3.6139885694749867,3.574851986291054,3.221104190355496,3.5162176163757355,2.917846079103361,3.19112452574979
2.671039604,2.5881300803049627,2.9420808986080322,2.8738710156669707,2.823270198460246,2.8954571226414143,2.7241225970200458,2.67884259747321
2.447643564,2.1797958954373517,2.6056900956782805,2.5686119396968454,2.4070493749704025,2.626938900089823,2.2801902712349618,2.357348091118732
1.622049505,1.2876041880718725,2.1007376956972097,2.034842514745581,1.323460586011671,2.0114122652086075,1.1978956157899523,1.333669312888536
0.52449505,0.38351215467782396,1.0214118784833992,0.9221067936555958,0.48457089535009584,0.8873363745084428,0.3410658791114218,0.4371869137185394
0.07770297,-0.17754666527456536,0.2533203278034341,0.19849820162155077,0.0500137592833535,0.1812748778751303,-0.05157048577532808,-0.04104406770067156
-0.553633663,-0.7715430260782901,-0.1547797126537322,-0.18359255775429853,-0.5746377808650233,-0.21501258752378308,-0.7147765956070278,-0.6281192583488656
-1.28209901,-1.6339451461224836,-0.8433157405791463,-0.9369019102723002,-1.4497031624879542,-0.9559944619488786,-1.6842082010230346,-1.5638815669785642
-2.214534653,-2.4024959515291497,-1.732126170640815,-1.8348105994404715,-2.1850070449505963,-1.8129201214728332,-2.3245692724865408,-2.3025034919465233
-3.040128713,-3.415172092884693,-2.503169025093875,-2.5570714865202624,-3.1903790936070675,-2.526287639116208,-3.4721778351355534,-3.321678008332569
-4.361079208,-4.418709836986125,-3.575414442521613,-3.7113769052134273,-4.268007102860715,-3.6614470797090046,-4.416039241178164,-4.3723393013932546
-4.788445545,-4.676237022747356,-4.4936705229257345,-4.575998477517948,-4.283354931652048,-4.4906012315602775,-4.314096386579169,-4.442014901516338
-3.739455446,-3.8140060058263385,-4.24266666957794,-4.103342171980926,-3.0933811976847276,-3.989922102341099,-2.9523635140948787,-3.201304807331546
-2.748742574,-3.140440176410521,-2.933752730177442,-2.788272497430259,-2.4815069292006253,-2.788435994634597,-2.4626686435930907,-2.5558805721634035
-2.573910891,-2.8196811534995705,-2.5186740947524124,-2.5167387882383134,-2.2873512663296656,-2.438916408154355,-2.4454175542398584,-2.392714855759741
-2.272811881,-2.4057311956647767,-2.2967087352617703,-2.2614041141886165,-1.8363676684939665,-2.1465613049871104,-1.8351960839353934,-1.9191999531361852
-1.252960396,-1.4340751101896398,-1.753836577422311,-1.6392150784799602,-0.7976308285470528,-1.4296678704230694,-0.7401950194257786,-0.7817273591363816
-0.203970297,-0.5520993529604975,-0.569814298985097,-0.39464756303698684,0.0565659776482108,-0.2313016153303362,0.0713982353278177,0.0332105658496601
0.203970297,0.03623916961677131,0.09790440295414884,0.13495868227219784,0.5146768108467659,0.2823564463765488,0.5492866461718097,0.5042329522761231
1.000425743,0.8738129566603292,0.6437086846003259,0.762896181862264,1.482028713878605,1.1141855808446552,1.573091513435313,1.4422726290628978
1.942574257,1.630931272254599,1.5659734792129847,1.6754054698254415,2.2381647089737187,1.9305296489606132,2.170508744284406,2.134983626290955
2.671039604,2.588944787464021,2.2805822711561157,2.402544654485157,3.2197521179565807,2.8434392360791967,3.3235590096913756,3.230923285379001
3.972564356,3.5529298650144674,3.3631216816702745,3.5365690515177874,4.180930175806052,3.738748264814902,4.188540758506594,4.148239678033429
4.22509901,3.979698711614211,4.215287493474402,4.293613613148782,4.469457632398849,4.341640120449199,4.284045883639714,4.337366180109238
4.118257426,3.6851255215246783,4.27238529895852,4.206693977643846,4.024332243512282,4.085587722484987,3.6179275413882674,3.799226063787637
3.146970297,3.0756336439422496,3.6750979766495493,3.564418968570681,3.3937252196969583,3.4365755593351204,2.9325714337664164,3.1354535348363295
2.816732673,2.5720167058562864,3.016770374058929,2.891539466483853,2.866361662605942,2.8694926320802456,2.687854369637657,2.6453179934749005
2.399079208,2.210293987031343,2.6113798093517064,2.571297108986266,2.6089506735929273,2.603573041134653,2.283628610275228,2.356523166665859
1.796881188,1.388316366883278,2.279915027156558,2.1354387224529723,1.7924977760778715,2.0305647371850855,1.2259153162467222,1.3055909744053495
0.437079208,0.4299870966140587,1.2014630457650644,0.9716564812304672,0.6627102647419426,0.9990150767169536,0.299080715846765,0.3711418099990483
0.038851485,-0.14644190340543492,0.3237712671582401,0.21009268834403658,0.1527382127106164,0.24900915989914188,-0.032991571075307,-0.0613872851158239
-0.514782178,-0.7894915714484333,-0.07572124167612057,-0.15725415113370594,-0.37791503500778056,-0.2012459805746983,-0.7714766624165537,-0.7140908126552912
-1.418079208,-1.6928543790303419,-0.7840446061405788,-0.9579609903391993,-1.3384964942095594,-1.184650346665722,-1.8131980388787703,-1.695855041218697
-2.321376238,-2.5322885458857196,-1.7636733682352455,-1.9252615987652013,-2.1482846624382086,-2.0385032844469197,-2.5258672448202435,-2.5253588071817967
-3.341227723,-3.467485120447709,-2.52240562324862,-2.712795172538938,-3.0631441866266034,-2.8931593171639327,-3.548822185655937,-3.493094949886503
-4.157108911,-4.363913912519348,-3.5077132814801963,-3.736718587996359,-4.027353957439562,-3.8304588265630644,-4.317283541952295,-4.3542048604443195
-4.943851485,-4.731647783947314,-4.340828778388595,-4.495273401197943,-4.483155046112576,-4.475166948627847,-4.354570768159603,-4.4548307258586375
-3.574336634,-3.8901246445103927,-4.413275441599466,-4.222143573524049,-3.4145326549285016,-3.855421993244629,-2.9172926052674826,-3.1527920450755977
-2.904148515,-3.1818146212178275,-3.087603037657169,-2.800198267543391,-2.574252870588357,-2.6793994333042312,-2.5316609123649174,-2.578421624559207
-2.408792079,-2.8277963695444597,-2.550541688337958,-2.5418382894652396,-2.347844092276943,-2.4827345809465355,-2.351746520137946,-2.334694653805969
-2.301950495,-2.3847780797736284,-2.2866229688796897,-2.189307499545332,-1.950058915950655,-2.064391558118367,-1.7691792234406158,-1.8231106342108165
-1.272386139,-1.537415238098081,-1.8298611547705697,-1.6745121693915204,-1.1707536525380704,-1.5595516295930125,-0.7749559412281,-0.7894794352277084
-0.203970297,-0.556537718871473,-0.8148956461959714,-0.4898866994688965,-0.07563513935821682,-0.4222400206930713,0.22064971657468455,0.11802717139610223
0.30109901,0.09001007346152483,0.09657074768837465,0.22130248086999038,0.48444215817728237,0.28382449568968254,0.6863291073383736,0.6958634387377827
1.243247525,0.9362106675444628,0.6633357990218567,0.8686218018964873,1.359735016301388,0.9758609757961038,1.6764662605897458,1.5909003457740547
1.835732673,1.6659123205444366,1.576744582991067,1.7381487427593127,2.134896096385525,1.770447185635791,2.2695572495382783,2.290704471217476
2.904148515,2.6028469409558515,2.2410598691412726,2.428441143777303,2.9692175057874324,2.4583270482189867,3.337680702348103,3.326812229735717
3.826871287,3.486644165669768,3.2297571698365144,3.5012276266407,3.978611486569193,3.4831972425551263,4.105940193294002,4.147742512557566
4.312514851,3.897061552981739,4.084273278318812,4.215158442207365,4.391534855871469,4.199321171325867,4.1817220832701265,4.255601302879897
3.894861386,3.749277989115607,4.230651461493425,4.180714025513588,4.242766568591997,4.144210034078134,3.7041535205470546,3.861266905380549
3.409217822,3.168100302129705,3.8705174815643897,3.7173311971713243,3.6000445042170326,3.619874915566818,3.023374589407977,3.163850628049077
2.651613861,2.599705450071721,3.169326375728921,2.9592174133765945,2.911976388983697,2.8885480672575,2.6439730410292404,2.6008519119492965
2.41850495,2.209166943890796,2.6320216973555968,2.5380466245906628,2.570849535872419,2.5219253751178408,2.2203325238707685,2.2873436325580125
1.699752475,1.4315208962093293,2.3060612828830687,2.1287406138296334,1.9527153006633546,2.007133242447787,1.3064121605249515,1.311664164370644
0.641049505,0.5177546786838584,1.4270422028837388,1.1149237713141222,0.8759412894322359,0.9045812268678454,0.33084995952717744,0.37970896229308126
-0.048564356,-0.15992194751861535,0.4163259433344471,0.2086174575552389,0.15444691618419948,0.15895726795707865,-0.10767559348773525,-0.1400603451715667
-0.514782178,-0.7877005018695132,-0.06561276640507363,-0.2014982677505957,-0.337404411110443,-0.32896640225865803,-0.8458428450320185,-0.8228071183284568
-1.641475248,-1.7240562192756337,-0.7137911755218548,-0.989874082471711,-1.3021675874668577,-1.2268762080056301,-1.9963752577588174,-1.8745948874163296
-2.525346535,-2.6155126360377956,-1.7439202688340896,-2.040170762470612,-2.2098432749177643,-2.1809971947367575,-2.6077350990348256,-2.6930868451371137
-3.350940594,-3.4753543464855707,-2.5583481327943165,-2.8005467526628753,-2.9945399648363265,-2.9875519239148467,-3.5578678993862223,-3.5560604952214825
-4.273663366,-4.416865864523746,-3.4251046190515932,-3.687835562942104,-3.90877542569632,-3.9825008784980014,-4.45352803743549,-4.489688738800006
-4.875861386,-4.82672524960469,-4.35404180402155,-4.596632012799109,-4.555588180212725,-4.527213498563777,-4.331373226323292,-4.411455583814587
-3.613188119,-3.9161206012924255,-4.5624392155476725,-4.231684865816738,-3.5650380397425967,-3.4877008862216115,-2.840204069477716,-3.0401321212047225
-2.797306931,-3.213249534962812,-3.2366063949884882,-2.809896734778745,-2.6284564125440295,-2.6179655447246675,-2.6034941276979877,-2.598908293315209
-2.544772277,-2.8137257818437615,-2.6008313797112406,-2.564612690391258,-2.366314754431029,-2.4009115093364026,-2.2278389504585614,-2.2393738586876646
-2.010564356,-2.3244196112304625,-2.3254251189485164,-2.1216706859864964,-1.8893211884968517,-1.869016654742188,-1.6820691873394626,-1.6903878019988328
-1.262673267,-1.5834921443415224,-1.7868172521324015,-1.6100555901443532,-1.2826230799171876,-1.198541516844496,-0.7793442454324455,-0.7867279056168365
-0.242821782,-0.6388331376197088,-1.0283361625991487,-0.592472483268786,-0.11892850117035962,-0.15291776623107342,0.1801181873583507,0.1340129040911687
0.369089109,0.13404280584457282,0.008512425821817951,0.2267394886411023,0.6414761759484838,0.5358408515014246,0.7974974776584242,0.8592157564503801
1.369514851,0.9741504270079252,0.6440196913329541,0.9576996935574784,1.5108982858713684,1.359531902375166,1.8247007261116448,1.741335556543753
1.894009901,1.6424150377670932,1.5520524341832842,1.799262158202779,2.1315882554069954,1.9787283372116173,2.214888605282265,2.3202044436076905
2.816732673,2.554030146496178,2.12335938807034,2.367381672251066,3.1039054404748203,2.7512370062237688,3.443327964664728,3.3978955290148494
3.84629703,3.4515202387230333,3.1039140070836715,3.519491169798813,4.032056178882254,3.8241440168684258,4.060262562795365,4.09306170118587
4.011415842,3.8735627978276317,3.980548811088402,4.103961761178828,4.34202172994504,4.18988957872854,4.2370872872147345,4.264800734625402
4.234811881,3.8891036997534556,4.2258191419753635,4.226746560822006,4.264244077832528,4.210389094388849,3.875241124225527,3.972581420344356
3.438356436,3.3133553716358404,4.096579426622991,3.881428602793375,3.5746610369975094,3.7022231318768566,3.0778172516380344,3.146356528116588
2.632188119,2.622433523225939,3.3892790694555495,3.0405644791918296,2.835870282010294,2.9147883901521063,2.523215813896822,2.5233223431669094
2.301950495,2.2008035339263072,2.617992333759847,2.451021340761303,2.4205131851992134,2.45656382143508,2.1487042726282444,2.2089092472252516
1.806594059,1.5673358453377038,2.30383511624,2.135942535513116,1.7402828374551476,1.9722748806223238,1.3284677061083243,1.3351843053561936
0.621623762,0.5860974386493295,1.6281122533423693,1.1990200074858504,0.6867950274906931,0.8024943503317643,0.2785944237425734,0.31085492889337324
-0.135980198,-0.10408095764191427,0.5565426092358019,0.22322528206762385,0.08350838412181111,0.06837887821184717,-0.17198771971283836,-0.21852084298177657
-0.621623762,-0.8116465621675145,-0.07277057674569064,-0.2080866243960418,-0.49581111078388274,-0.5099154025822774,-0.9632413837504246,-0.9586271276873642
-1.748316832,-1.7563558890025428,-0.6444832698619835,-1.0347570391800045,-1.5097323995736216,-1.5011537421889474,-2.0669998876713187,-1.9746846534444575
-2.525346535,-2.6222230926365104,-1.703828154305641,-2.076089505915373,-2.320070060223078,-2.322096920138514,-2.6324193933556277,-2.7793671768075567
-3.457782178,-3.470668065230758,-2.5069734895552567,-2.8009864581338393,-3.190521685789558,-3.066280251468711,-3.7350448144675505,-3.711606559560697
-4.283376238,-4.438455834984465,-3.377196666691271,-3.7684193858103825,-4.136109282363672,-4.083179931714175,-4.502086028507388,-4.624502534359567
-5.070118812,-4.901763356409462,-4.350978526297827,-4.6590489006105695,-4.642158832687498,-4.6285998636963255,-4.421021806968918,-4.394186080212112
-3.593762376,-4.013699536780899,-4.683473951454939,-4.363520906138898,-3.6183936805345405,-3.48149441577687,-2.808218485283287,-2.963431896873175
-2.71960396,-3.1366515348287827,-3.4041421125927167,-2.803250575619144,-2.5337016991715196,-2.5175198764866913,-2.49571709405638,-2.469480205173885
-2.379653465,-2.725709897682003,-2.490972283328479,-2.4370948082260244,-2.2609719988895742,-2.2393731101613628,-2.0785750817620783,-2.1057629758258893
-1.942574257,-2.241071887429051,-2.2622838664742746,-2.0323595297880006,-1.7789529645800792,-1.8236373553448,-1.6342425744583435,-1.6361438084061712
-1.369514851,-1.7089591632906436,-1.7782193658814776,-1.62424851666873,-1.3412287230900408,-1.2588140700936508,-0.879180764662481,-0.8520941113530948
-0.30109901,-0.7595239827780265,-1.2169530217685303,-0.7735406657844786,-0.22898611379547715,-0.27171681341919185,0.18584884569312007,0.13538011458949714
0.281673267,0.0767240836572893,-0.1677881191226815,0.1844010972555724,0.5443340388399823,0.5180290940559986,0.8677656056120979,0.9149364030365609
1.515207921,0.9546552250893942,0.5967582499148462,0.9530580387432948,1.4165627321966343,1.4466754216075879,1.8336170305025825,1.7892832041879534
1.952287129,1.6979820938700374,1.4724296045251708,1.8120878048379103,2.1354087827411674,2.115788119849381,2.3556681772880146,2.476729264109759
3.010990099,2.565838297979906,2.1447767778447404,2.4688812999984457,3.020251119226369,2.8908325898214144,3.4054669902138395,3.4633127601477356
3.778306931,3.446359047891973,3.0165923206273018,3.477460499119719,3.9394417954175114,3.7877931875148425,4.1085102195477745,4.153751730484137
4.458207921,3.956821981750066,3.898166447148139,4.1660189086875885,4.439081703790101,4.245762381798929,4.301493531702719,4.392868741724864
4.195960396,3.9834471619558074,4.315134542095997,4.357703920717039,4.414469343580141,4.2613805451794855,3.9568688288215705,4.013727066118155
3.62290099,3.4295779504733095,4.241748877104219,3.9857248727385755,3.7221352892298096,3.7291153637547563,3.069521486356953,3.1014380798933425
2.535059406,2.5950776680665655,3.5175711906819496,3.055017825040067,2.85703042026478,2.8575206391824093,2.365231139248604,2.3790377965171734
2.224247525,2.121693958405432,2.5964429715868476,2.3396253941196803,2.386296916098303,2.2915432257508663,2.058048585415985,2.095234244108527
1.719178218,1.6292619598888458,2.1955493982413508,2.0704924982608564,1.966958581278979,2.0297583205621743,1.4238107285076038,1.3578964250636472
0.699326733,0.6892410118209034,1.7779621486560517,1.3610380244796045,0.8868380931324792,1.0904415036900938,0.22481885606548355,0.2732894921903428
-0.233108911,-0.13421667136921422,0.7156299362280989,0.23677672151182913,0.07541485747575977,0.10620338539346524,-0.27759900036019636,-0.3135796780234355
-0.709039604,-0.7959262075564771,-0.09264351645612963,-0.29326859984991316,-0.46051549331,-0.35720300683868145,-1.0838467375101282,-1.060359085501552
-1.758029703,-1.7323731794189663,-0.6450593843422234,-1.0734343435139326,-1.4033303295643278,-1.2075197361367704,-2.018682840498298,-2.0216783231533153
-2.554485149,-2.5785881521955196,-1.6249802938669191,-2.0251610808529503,-2.2525236775333153,-2.036908959759642,-2.707489375531143,-2.8595740248773134
-3.370366337,-3.508082662255079,-2.4297806079966824,-2.793420957672927,-3.2103542995134595,-2.926242910191659,-3.7338494931477175,-3.8220728022569834
-4.633039604,-4.53134918836186,-3.3109588441906874,-3.800556472816676,-4.25509978289295,-3.8941422129948493,-4.781622351483395,-4.867272468723938
-5.108970297,-5.055185784229496,-4.4059197924645,-4.87580089310613,-4.830957091697527,-4.821675495022764,-4.407254173192814,-4.389527381961537
-3.554910891,-4.048700174720528,-4.916820606228194,-4.434990177796527,-3.537294313469618,-4.0084863742005705,-2.6591375850647365,-2.7925047247758945
-2.399079208,-3.1036501532207277,-3.463216129116391,-2.71010918218658,-2.440377551547543,-2.5389986082301634,-2.435871237576865,-2.406990660757811
-2.48649505,-2.703766560055249,-2.45355840264637,-2.387651543019432,-2.1649865227430527,-2.341646235330021,-1.9914079072360729,-2.027652885749539
-1.835732673,-2.2478826912440266,-2.2799871588916645,-2.020541145627307,-1.7214937408765514,-1.9036047285286346,-1.5810184628996178,-1.5733888508978218
-1.43750495,-1.7644038272582308,-1.7637295515343991,-1.58663274502082,-1.1904298467571977,-1.4626932715330534,-0.8460470412668146,-0.8819976517449439
-0.37880198,-0.8998816489734304,-1.306626785665599,-0.9046055686977137,-0.205025452768878,-0.6859720249690969,0.1610495305835749,0.1211024019008225
0.407940594,0.07533934362562382,-0.36556235666915915,0.14604572501000615,0.6873583685814875,0.22714283394332663,0.9884504219985666,1.0949308523106307
1.50549505,1.0133627842213389,0.5832794520162908,1.0347445536183362,1.6197689991049262,1.1022919102576496,1.9050893299234393,1.8705308880913043
2.020277228,1.6910980837153677,1.5041157254854376,1.835520181389736,2.219221099507834,1.9322708753976934,2.300922120915109,2.5032373769577885
2.894435644,2.508100432060964,2.0872689252933636,2.3815582366942802,3.0043707008264477,2.5825422608147397,3.4796948780500965,3.564865989551285
4.069693069,3.502712321824488,2.9162739913289855,3.492198125923401,4.08096377984706,3.607003729060955,4.196054486533863,4.268733358448131
4.176534653,3.9895662395542955,3.970173391283302,4.241286010777883,4.46271490612376,4.299490080297479,4.355389256074676,4.387723179993742
4.361079208,3.9966494220778976,4.356945960116838,4.389615499465316,4.466968959344642,4.328174459227386,3.9443365862172777,3.981077428899968
3.389792079,3.458645845924551,4.266036268506929,4.002480709711406,3.791738587640143,3.7615125576219435,3.049162430329517,3.085820811263329
2.671039604,2.645969228044908,3.584517361696792,3.130085478025472,2.8806666480626646,2.8577511607646215,2.365588672908103,2.340871187483351
1.971712871,2.0126700968817737,2.6918699699806927,2.342697048562048,2.27114772619269,2.2136665177285413,1.8772592368166618,1.958853217273914
1.728891089,1.6030596548845706,2.100730290122775,1.9400009381490175,1.93953115197621,1.890831131753768,1.4557525479788191,1.3563949655568093
0.660475248,0.7884458650838786,1.7699077310095048,1.4414543148196317,1.1041836449268603,1.2105866587659835,0.25271924159774056,0.29785220322149303
-0.135980198,-0.11475018402528024,0.8992785941720498,0.3658933105294452,0.10863101952226895,0.1498784725715394,-0.31443854016332007,-0.38537043008910393
-0.738178218,-0.8055436265070232,-0.027496568145353326,-0.3281503132222336,-0.4000560842775554,-0.4644695255366214,-1.162890388441352,-1.1383975302940665
-1.719178218,-1.6818145367794255,-0.6055522514321686,-1.0179385877765632,-1.2856197865898715,-1.3863624186775323,-2.018713597376086,-2.1392163018351575
-2.651613861,-2.582052881779033,-1.5508358022544244,-2.043673831574757,-2.2159277111074402,-2.3369534317472573,-2.830528037080267,-2.953927256459359
-3.506346535,-3.50082269258921,-2.4656244557880824,-2.847305429132036,-3.035696923535041,-3.06559262544676,-3.9088465386762516,-3.9796847988771877
-4.652465347,-4.536108372140454,-3.33669666970049,-3.84738258390861,-4.081483922521167,-4.129014748672249,-4.788551690296212,-4.885455535816195
-5.050693069,-5.009824001918624,-4.412127210210565,-4.820117293474629,-4.76049388021601,-4.821291648838387,-4.399593028722512,-4.261779779832557
-3.496633663,-4.119782373503159,-4.83512457083634,-4.438304893573695,-3.975039806066804,-3.8273041686203437,-2.7738105586778663,-2.7470525409378146
-2.622475248,-3.1285192713282903,-3.619275025094418,-2.81169799630331,-2.6198769369741637,-2.510963793160119,-2.401771406130321,-2.3562293273558694
-2.321376238,-2.699056994189654,-2.4608540388383497,-2.3506790406232096,-2.2542435079891683,-2.224370962377055,-1.961481371506352,-1.9684645924952235
-1.835732673,-2.2156092260447102,-2.2556308833510634,-2.0319953745689783,-1.7964455950512948,-1.8145432200817326,-1.475600998904769,-1.4895541073530825
-1.379227723,-1.7644335970604257,-1.7508335082058109,-1.5396955929059153,-1.3446146959743914,-1.363451926105396,-0.8874512867756205,-0.8691312926477399
-0.398227723,-0.9790890558899451,-1.3173510132619206,-0.9745558886004263,-0.6480173166944899,-0.684589040261437,0.03456166233660949,0.08356969100236154
0.388514851,-0.07704225380086198,-0.4926763276804508,-0.007245932173444859,0.2779214457896254,0.2932383363921622,1.0383965535162811,1.0999941576503125
1.622049505,0.9550704264241644,0.4348647911080044,0.9139305274188821,1.3523550298963536,1.2309010458231906,1.9399380633794576,1.9658793280451368
2.068841584,1.7533059129332391,1.4479068123336274,1.8805981993239878,2.190632285163472,2.0419726123755346,2.5753103535111794,2.661076751999706
3.127544554,2.560158455695533,2.1939806559220276,2.5121632967261283,2.889244547635158,2.727990851572534,3.523787420229889,3.580887817807371
3.933712871,3.4398961471558533,2.9491454383203637,3.4294623275979874,3.7981781884683974,3.5646750379774153,4.209571210289439,4.3087481742154194
4.497059406,4.043881664882214,3.868717329841513,4.239708557293636,4.472745805791875,4.305384843693612,4.462965496759796,4.4665410369273015
4.331940594,4.068936856254782,4.413856579139745,4.4714292765164005,4.553896295137702,4.407965327465605,3.9954414772457847,3.9789784220690914
3.554910891,3.52401062984998,4.354274053856928,4.05216190307514,3.96435744286311,3.851824223231577,3.1284965029991616,3.0426031438682597
2.535059406,2.68177696836931,3.6896658999321015,3.1773553984035248,3.116160471722703,3.047588715260146,2.2887124451190277,2.2653457483547643
1.932861386,1.9896345933898967,2.7792703932121623,2.3418561699046583,2.3461360524204693,2.2341806752973565,1.74433577341823,1.8046798793303422
1.58319802,1.551390327177616,2.069750861613904,1.8390367706799986,1.9267130886372033,1.8500384404493746,1.3542565332494565,1.2702922191697619
0.825594059,0.8547456285588813,1.6902054232124717,1.4220435713458286,1.370401633518026,1.3630203030746038,0.3502620415449341,0.33939389110624896
-0.116554455,-0.03663269039779375,1.0245583973063828,0.46553396836809874,0.41165358859899026,0.3994872507635454,-0.34088151088408797,-0.42091458188896175
-0.854732673,-0.7669588450537755,0.050335075851249474,-0.3272966808743475,-0.2613538743611579,-0.37368268312970143,-1.1631685151650544,-1.1902014517172501
-1.651188119,-1.6263770767445465,-0.5942194524930018,-1.0083691189872876,-1.0894064713754859,-1.1654157334566375,-1.9538973622143505,-2.128608720907894
-2.690465347,-2.507728844407796,-1.4225975858131967,-1.9634218445815728,-2.056779429524983,-2.0289193459512473,-2.9049795531369234,-3.0251831221005663
-3.603475248,-3.4824781315738753,-2.3287095550543184,-2.813530698668949,-2.9128484327232345,-2.916123129793614,-4.012868842531262,-4.140389859282822
-4.788445545,-4.552962128648895,-3.2992363470266213,-3.9196325716724103,-4.114842902963276,-3.9376717901259726,-4.918165159061678,-4.992693197719754
-5.108970297,-5.102878987936795,-4.4181997392332475,-4.883515906088197,-4.881859993074885,-4.807146998724308,-4.378073439404797,-4.219290465208112
-3.525772277,-4.200161914019489,-4.962192834592758,-4.529964907436078,-3.999624652696592,-4.209664697844801,-2.684733120613906,-2.6402732649203258
-2.467069307,-3.0998555626671185,-3.773708930669604,-2.8105815844459205,-2.56699941269086,-2.689361943173452,-2.358684515870635,-2.3215971189741738
-2.292237624,-2.697977448487634,-2.433348537597807,-2.3026552809281204,-2.2017698048660064,-2.284173070436422,-1.9547831713097072,-1.922409013905323
-1.787168317,-2.2057823453530325,-2.277606563286915,-2.0455309651372886,-1.7474018986471376,-1.9572278831507042,-1.3943989826813774,-1.3511470536046148
-1.243247525,-1.7045579527322128,-1.755683476783473,-1.4197278349061186,-1.2178961417228373,-1.4115410311105754,-0.8914363678827274,-0.8433063892834269
-0.670188119,-1.1233804490839367,-1.2570712869193812,-0.9679011280690462,-0.6037749481078343,-0.8691040878736952,-0.1298369714130364,0.040653344384954215
0.45650495,-0.21866207976442445,-0.6565210575342667,-0.19628088868832005,0.24466907923785677,-0.15065560300264338,1.0043617775788178,1.137738734013397
1.554059406,0.9022836347315585,0.25603786005106116,0.882353872137608,1.3943110647426031,0.8720890828809221,2.0619625200959564,2.1266475247714234
2.399079208,1.767901938283259,1.4309331219012076,1.9782756103603056,2.2522070380263033,1.93594930698677,2.5977541109725477,2.6750480758086543
2.86529703,2.482420859385306,2.228247372196362,2.512721811194205,2.958793489168554,2.4619729424181425,3.5243708798798203,3.6646665624667167
4.234811881,3.4333970479198306,2.8235008566298143,3.387777923924562,3.948165260071341,3.359567300980174,4.276699402358769,4.399046242586799
4.234811881,4.0220368706518075,3.8745700847287443,4.299681688596906,4.545187940880449,4.2580991748700585,4.468734684734696,4.4459861461029515
4.44849505,4.080628994192586,4.41691325529971,4.429428680036621,4.55161692337582,4.417105630315645,3.9445523270897347,3.999597186831173
3.428643564,3.596062161131712,4.375987371485966,4.145708201248334,4.027216041086109,4.185155437661454,3.0889906245969985,3.0068375371314713
2.690465347,2.7460969157748076,3.7673266570228643,3.211087301552289,3.07781437874745,3.295628212194317,2.2270764251305253,2.2037159741911125
1.73860396,1.985887665318302,2.8085092627240025,2.343784564072021,2.23587310899022,2.4839541551526523,1.6713161032354353,1.6972879148125908
1.495782178,1.5127505573682345,2.0815446235289343,1.7561552468496182,1.8025359262239298,1.8814406919565352,1.3658768353035793,1.289192544889411
0.777029703,0.9379703149674299,1.6405061148314197,1.4269375168015523,1.319508757668116,1.5046166027460495,0.47432363390888566,0.35196975241289796
-0.058277228,0.055064027029887115,1.1266134928092135,0.5997096028335396,0.3916184289886134,0.7204303442489467,-0.3251889820880244,-0.46490333354419916
-0.864445545,-0.7426251705832205,0.14273355977661853,-0.2894116300815636,-0.3684971310618088,-0.10947355978714865,-1.143320579791096,-1.2617027125530869
-1.767742574,-1.610878852891016,-0.5883766029459131,-0.9938669492519658,-1.1443616852292078,-0.7620388386071991,-2.132471743417836,-2.262384344419819
-2.729316832,-2.5094915524577805,-1.4445534316412887,-1.9605747950855903,-2.110582577428803,-1.7207607096249595,-2.9694165138224564,-3.0975811612983732
-3.720029703,-3.4086330854709055,-2.3754256207815554,-2.8233167807063824,-2.947495238050132,-2.645301153732103,-3.99409419372004,-4.187929102629638
-4.769019802,-4.52756587481639,-3.2592894051807884,-3.850861455309486,-4.045797972095058,-3.562347798445693,-4.953961586811445,-5.02518167126749
-5.244950495,-5.0743885674559115,-4.381654550172995,-4.9253938949995115,-4.847884110378378,-4.585553631789288,-4.326482858975122,-4.093357829226843
-3.331514851,-4.246394190750465,-4.971693182487743,-4.529628627957568,-4.189822412540501,-4.693936682530351,-2.768645716541446,-2.656814347769785
-2.651613861,-3.20265770937907,-3.8631724685809337,-2.9099783019656207,-2.7437683028839155,-3.2712523306085455,-2.3486911986732,-2.299548699149062
-2.214534653,-2.7267156447708105,-2.517999455905076,-2.3094370455911584,-2.2552898223053734,-2.3328757112705,-1.9393477044289988,-1.8557739256474233
-1.806594059,-2.154352202355334,-2.2346193913817594,-2.0190956488927267,-1.8336505641323348,-2.05590260802384,-1.3185568572584767,-1.2649358313075254
-1.087841584,-1.6722700505744093,-1.7165655459516789,-1.3678571235635648,-1.2136322556094126,-1.3980620257909866,-0.9035155154971801,-0.8501999872924054
-0.738178218,-1.1695894856871518,-1.1825815780262845,-0.9631479921314381,-0.7523469524301837,-0.9703059114342639,-0.20838899908995345,-0.05850395037292377
0.407940594,-0.38121083301005065,-0.7701051730606394,-0.39035717895668937,0.003399054582724043,-0.41562326200077604,0.9820999171346148,1.1803248997504325
1.651188119,0.8373728202628784,0.07075427002587283,0.7632723068240396,1.224359395662897,0.567735748627041,2.1095973697180432,2.1871375316177555
2.369940594,1.755137437030444,1.362670887162985,1.972119616763134,2.2285417750342584,1.7605516504776624,2.645294261645093,2.785257807139602
3.040128713,2.492497859843326,2.2649217336055525,2.5453653295521463,2.837287308549881,2.4398384064863023,3.531734659693344,3.733595154417094
4.118257426,3.395037302472593,2.8339057137737917,3.3766638109161975,3.698643817401653,3.259350246716307,4.333052970990614,4.431324261557509
4.419356436,4.029126210892898,3.8181319160740337,4.266271098393243,4.471260191156219,4.103336148392045,4.448911752648444,4.431036384739673
4.273663366,4.099119901702494,4.428837421798137,4.463394012254613,4.574741013568397,4.4981622793122185,3.9432979303054334,3.8789078006505564
3.496633663,3.6016144925808002,4.369279574996507,4.098221861922056,4.070782718159159,4.221166453718772,3.125502158240149,2.955122568601483
2.622475248,2.807091527484188,3.7829383994043324,3.2372037892642425,3.22059976832661,3.5083180749371916,2.2452384695346046,2.215498231040035
1.894009901,2.0779754803536448,2.8788285278643344,2.415008933174815,2.4451707778385607,2.6257136789241478,1.6611579363193056,1.5602575045294804
1.311237624,1.43341993764785,2.1374519073034013,1.7583058897027657,1.8346954573238183,1.9398835611496656,1.1086666170527768,1.051907789088023
0.75760396,0.8607711887256431,1.5447355093418174,1.2290648313786778,1.2794726393887654,1.3762520460746164,0.35655522126537464,0.24819959734266575
-0.30109901,-0.01213806314935041,0.9991402971038734,0.5611063278170537,0.5070738439295895,0.8402593822684522,-0.5870312976980882,-0.787004643476505
-1.175257426,-0.9637025663097982,0.1649877089978647,-0.4288742075490776,-0.5360656871018683,-0.10360987033542716,-1.5110076152607734,-1.650460459167513
-2.165970297,-1.8685067107761568,-0.8217499353987339,-1.3447214149501179,-1.5094958146419275,-0.9197074958478159,-2.3884833410797763,-2.5909579782039573
-2.952712871,-2.748356031774674,-1.6644673793786797,-2.200718526168746,-2.360653500845927,-2.165650953431732,-3.3633215343547733,-3.49860230113306
-3.991990099,-3.689260739692158,-2.5827047278400617,-3.1505637140383804,-3.298109073484924,-2.9179755298777583,-4.098465669810009,-4.2838555188985765
-4.506772277,-4.509392765816675,-3.5476337594894476,-3.9811900474229662,-4.087599760559428,-3.9797254007033813,-4.610209203289902,-4.526791857598131
-4.44849505,-4.711199235344133,-4.317473918354732,-4.624555562703881,-4.475189862329891,-4.416141729179433,-3.4217725669489436,-3.101604580642937
-2.544772277,-3.527216036822567,-4.45217329985914,-3.7900052596716933,-3.305604465041453,-3.827890221686737,-1.961514372053287,-1.8239505307917847
-1.826019802,-2.4784792815231396,-2.981195774282791,-2.084919679911416,-1.8743602717799674,-2.423340118618284,-1.6149012991984901,-1.5416546126490263
-1.495782178,-1.977562754633768,-1.7833407897294642,-1.6021472580675884,-1.447423787973652,-1.5704142607354383,-1.1845774654423875,-1.142948925264757
-1.155831683,-1.5211941714973403,-1.5337440913227682,-1.2862682612168297,-1.093674409134406,-1.3432806769204795,-0.7651579909091883,-0.6970510943301802
-0.534207921,-1.0859007295396075,-1.1176323729351159,-0.8335809849309327,-0.6656370035944201,-0.890396185247262,-0.26725073825116413,-0.2100811076176888
-0.155405941,-0.5824102107729802,-0.683096355792431,-0.4284279713246628,-0.13815894725593342,-0.4608181411068401,0.40727293576692347,0.6324727958247148
0.942148515,0.22289224613194736,-0.21101347282141858,0.23977302532750347,0.6494687759688746,0.23526112061934226,1.5569906462028864,1.7154367442502279
1.845445545,1.2300239445924348,0.6073104188601068,1.2934613150917547,1.7021268485447203,1.198423131300355,2.3135243547103985,2.3482714451905022
2.505920792,1.9142765694206287,1.7031818214845833,2.18601444191509,2.398375415910259,2.1152344068392237,2.6054017575359008,2.7184789576472084
2.64190099,2.339988277833024,2.3614992505522685,2.534211238569178,2.802582053512983,2.536422988607062,2.9125101976307413,2.9093206130439584
2.913861386,2.5816514443919205,2.6817305745295625,2.8561436238623887,3.046536392748146,2.8648752862747098,2.7378959363698026,2.77601266978278
2.48649505,2.524785882860465,2.900959678429558,2.8404903525313596,2.8945892337230434,2.8631498453936017,2.6877552406729195,2.713034805789746
2.729316832,2.4519669989533486,2.7410326506823464,2.684444187647555,2.840617559825143,2.760532422722047,2.3468830319481633,2.2970005693572046
1.903722772,2.056389820245189,2.67929429486698,2.5353866820909112,2.487868724284685,2.6009522572338994,1.6340311681395019,1.4037779630968612
1.194683168,1.3213395012542881,2.286853241315907,1.7639933147037736,1.7316819020131347,1.9374441632945967,0.8837887472692826,0.8521672160572354
0.582772277,0.7047819856087026,1.4586750978725234,1.0243250187278565,1.071661140453661,1.1978634751595163,0.4418202664776687,0.4076936720068833
0.242821782,0.2681369085995424,0.8596284679768165,0.5663806955721773,0.6427151302453693,0.7498022536507948,0.17597001278409763,0.20941998965498257
0.048564356,-0.013405137526321154,0.4480290703912068,0.2713655780833258,0.3720297455542715,0.35371430433731865,-0.028349534158408914,-0.1906632432834067
-0.592485149,-0.4108956287032683,0.21658734226792695,0.07476027320308179,0.0925395898035069,0.1589776981900557,-0.8218875867559116,-1.001189941409714
-1.350089109,-1.1509772405939278,-0.13190559298738191,-0.6063117984378917,-0.6291899637858693,-0.3931571458131392,-1.5332829904291239,-1.5690286653094077
-1.767742574,-1.7225537247393323,-0.9441823098545015,-1.3808308975781505,-1.312722736315479,-1.1447732741605092,-1.782674352249072,-1.81460046568796
-1.942574257,-2.0694298488094702,-1.5310383547764144,-1.7238977704722174,-1.652395598791207,-1.5949990591102505,-1.9558249771061829,-1.9741769130531512
-2.195108911,-2.257352391838527,-1.8015735658502705,-1.8883155053717524,-1.7963965203150114,-1.7936163459391068,-2.067995922567601,-2.134923943426477
-2.204821782,-2.4358657988067525,-1.9505779521834299,-2.0867071708430407,-1.9900068766749508,-1.945933958038263,-2.003679921976713,-1.791122034315627
-1.690039604,-2.1382754488255573,-2.1364221150728024,-2.0562679838458418,-1.9334523446392125,-2.020948519570392,-1.047892281065727,-0.8921738000491063
-0.650762376,-1.4110084588569354,-1.8375804087259942,-1.2819618184652524,-1.2235281995289322,-1.4307610166716256,-0.44292676857042435,-0.3338685480055632
-0.398227723,-0.822473431160782,-0.9549082465254676,-0.4853765724109406,-0.4446814891302764,-0.638603760799061,-0.1792766316562696,-0.19702050572759322
-0.22339604,-0.5843215598806344,-0.35724394724458014,-0.21211755667845925,-0.13993784469613735,-0.24396680947593652,-0.17899543367416126,-0.06529894205493629
-0.194257426,-0.4021553692059719,-0.1930837054347771,-0.1287143700328168,-0.05651802144616791,-0.11083336389143213,0.10821534803010209,0.173987987615401
0.22339604,-0.1886422163968481,-0.08744295881575274,0.05250285018459643,0.16892798241275933,0.030141830802302393,0.3969252767352991,0.4050230153953034
0.398227723,0.07415621097761825,0.1336973207216106,0.30050168734695565,0.3854381061136682,0.2650480896942297,0.5828582995782264,0.6723664024953211
0.670188119,0.3071152041065202,0.36648299651402155,0.517507586347888,0.6358094895447145,0.5097335103139218,0.9233073930545393,0.9536509254419179
0.971287129,0.6152904534161519,0.6262821005454043,0.8277236822508643,0.9402821923212309,0.7808989987022676,1.0786656879102885,1.091957785213
1.029564356,0.7412016811463014,0.9258033532509975,1.0456728068831096,1.1451516507911632,1.0583024971184056,1.179628946651741,1.1144075429283102
1.05870297,0.8184008949124871,1.0758791223762116,1.1036587868509014,1.2287672427626801,1.1254562974077935,0.9395031084812614,0.9517865052305399
0.728465347,0.6909236936570823,1.115591043434482,1.0669075112214892,1.1804291337281212,1.113019503807931,0.7599088839688697,0.7481880518678382
0.67990099,0.5272940178170442,0.986544916072459,0.7959772238934683,0.943138715235223,0.9247357799146486,0.6668236210543125,0.6542591071782118
0.446792079,0.38647175619511054,0.773036935805453,0.7099165738792419,0.8563187747622093,0.8040520479553357,0.3742758888736494,0.3245895864003217
0.213683168,0.1552309241155886,0.6833442880769551,0.5001386260632651,0.6207829545751447,0.6341051343267268,0.17079197253326325,0.10699017095041907
-0.067990099,-0.10675346254708956,0.39568566371326,0.2169455522774013,0.3717006224343573,0.3263734621129298,-0.14278561958403704,-0.19587599173881065
-0.349663366,-0.40621621550797526,0.15603351869312893,-0.008248020799326248,0.11781852954550093,0.09172941424752684,-0.4744282711868333,-0.6328089344142032
-0.971287129,-0.832557361296082,-0.11635732633298583,-0.37502827073717976,-0.22508893050134307,-0.26667368666569397,-0.8584572904075798,-0.8133039199502899
-0.767316832,-1.0570509990459487,-0.5379755517428255,-0.8057782651342135,-0.6246146686585864,-0.6990944785680744,-0.5160892372513431,-0.3357836655864377
-0.320524752,-0.7762107730106921,-0.8191261760104214,-0.6428212567984306,-0.6114237578117712,-0.6598558296100632,-0.013241562616366427,0.10613078166049675
0.126267327,-0.3473856313974873,-0.44785539643224553,-0.05673564449486475,-0.06535315448081692,-0.13068517552447328,0.17005785292313988,0.19569562417491232
0.029138614,-0.16679890469202835,0.05143623779789352,0.178088835105758,0.22902282931349768,0.19394264168957942,0.12446866899764449,0.12943600362888294
0.048564356,-0.17796819281711396,0.19164938591077146,0.16720847857096346,0.30116559722598923,0.2023701585680701,0.015005257645064605,0.02223037764610264
-0.106841584,-0.2627826096388456,0.162199412003658,0.057854279871041636,0.19484139714017765,0.16349013742009771,0.05015521763367259,0.04338146554026773
0.009712871,-0.23189688582026594,0.03532833313784393,0.012524051042248265,0.12573085404259365,0.05627103166741764,0.07498743785668675,0.09949666229395028
-0.038851485,-0.19907917631819208,0.03090131297110729,0.0632016671988006,0.16665682007933144,0.0797125435129289,0.15653002323627152,0.11959817877846828
0.048564356,-0.15551657717983283,0.09050796246278243,0.12476861715116298,0.22715744379489733,0.12599879420005103,0.04005655021216703,0.06433062460097773
-0.087415842,-0.20858970155714301,0.11748578386021541,0.0923680629002555,0.20836162333720365,0.15713064002444993,0.07393130226147619,0.06876279663735728
0.067990099,-0.21075230148500443,0.0838003680898925,0.05197929203117157,0.1579516892244024,0.09913454841015391,0.018547858980699466,0.0799308396339936
-0.058277228,-0.22385030551168303,0.0583286001051752,0.07603438861311049,0.1608285009254185,0.09383221225626424,0.11809248272484528,0.0858502961032454
