Time (s),Acceleration x (m/s^2),Acceleration y (m/s^2),Acceleration z (m/s^2)
0.0,-0.005038793999999999,0.009036315000000003,-0.19613969200000014
0.01,-0.002402169000000004,0.0021737980000000024,-0.18045960600000013
0.02,-0.013643239000000003,0.023926842999999996,-0.1931159900000001
0.03,-0.017063938999999997,0.009247151999999995,-0.2134302660000001
0.04,0.005605943999999998,0.023169939000000007,-0.2194080380000001
0.05,-0.00488321,0.004197819000000008,-0.19989772200000003
0.06,-0.002607411999999998,0.0053658540000000015,-0.18745842600000018
0.07,-0.016015843000000002,0.008403739000000006,-0.19634632000000005
0.08,-0.019714201999999997,0.006875882000000003,-0.20482390000000017
0.09,0.0030902299999999968,-0.005221084999999994,-0.19974463800000014
0.1,-0.023725880999999997,0.026281888000000003,-0.19027316800000013
0.11,-0.008361421999999992,0.005624628000000005,-0.20978969300000005
0.12,-0.0017919860000000013,0.015559817000000005,-0.19667202600000008
0.13,-0.007580766000000005,0.006365307000000005,-0.20088519300000013
0.14,0.008231865999999989,0.022660417000000002,-0.20501532900000002
0.15,-0.0025412440000000046,0.014601958000000003,-0.21788707100000004
0.16,-0.015593407000000005,0.004973245000000001,-0.2249734830000001
0.17,-0.015479709999999992,0.006734934000000003,-0.19970199300000005
0.18,-0.016584046000000005,0.007580565000000004,-0.18763769300000013
0.19,-0.00017439000000000807,0.015187176000000004,-0.18501788900000005
0.2,-0.006108086000000002,0.007062469000000004,-0.2020024190000001
0.21,-0.00017127200000001364,0.012351378000000005,-0.21683970300000013
0.22,-0.0017075640000000039,0.008575551000000006,-0.2104703180000001
0.23,-0.02827913499999999,-0.00031770299999999595,-0.2127773380000001
0.24,-0.016058369999999995,0.008522189999999999,-0.20573117400000013
0.25,-0.003138684999999999,0.007583243000000005,-0.18491715300000008
0.26,-0.011289314000000002,0.015141498000000003,-0.20407543700000008
0.27,0.0027693710000000027,0.009563667999999999,-0.19592501300000006
0.28,-0.012958193999999998,-0.0008546820000000005,-0.20618487100000005
0.29,-0.0029100009999999997,0.013859445000000007,-0.201883728
0.3,-0.010277201,0.015227436000000002,-0.222793109
0.31,-0.018408138999999997,0.019786727000000007,-0.230067452
0.32,-0.003715069999999997,0.009343516000000007,-0.19720237899999998
0.33,-0.010961019999999995,0.017756887999999995,-0.19148666300000003
0.34,-0.0025855769999999947,0.02231218,-0.187854292
0.35,-0.0006977139999999931,0.0039943190000000005,-0.19469597300000005
0.36,0.006020691999999997,0.0007656609999999962,-0.19326445800000006
0.37,-0.007500534999999997,0.014454011999999997,-0.19175054400000005
0.38,-0.038172850999999994,0.016022832000000004,-0.222053061
0.39,-0.019785588000000003,0.008503169999999999,-0.21916119700000009
0.4,-0.006107945000000005,0.013562567000000001,-0.201995572
0.41,0.005413209999999997,0.015797125000000006,-0.19548988900000006
0.42,-0.007403667000000004,0.00023142999999999566,-0.17783977299999998
0.43,-0.017687192000000004,0.003854990999999994,-0.21215178100000012
0.44,-0.01400139299999999,-0.003561582999999999,-0.213009933
0.45,-0.025779245,0.008404691,-0.22086555500000007
0.46,-0.010557856000000003,0.020320969999999994,-0.22324207099999993
0.47,-0.008150656999999999,0.006444687,-0.202559883
0.48,-0.020553031000000003,0.018410708,-0.202609767
0.49,-0.005399635999999997,0.012187248999999997,-0.20963702
0.5,-0.015592823999999996,0.010729393000000009,-0.20010141099999995
0.51,-0.003380735000000002,0.011321873,-0.194016912
0.52,-0.004628165999999997,0.0063043779999999985,-0.217038338
0.53,-0.019658656000000004,0.000535521000000003,-0.23356310599999994
0.54,-0.009917805999999996,0.021447600000000004,-0.21662667900000002
0.55,-0.003661751000000003,0.014119803999999994,-0.204507062
0.56,-0.004507295999999995,0.007317270999999997,-0.19663120200000003
0.57,-0.019223874,0.010765199,-0.200561299
0.58,-0.010716615000000002,-0.012467041999999994,-0.208452228
0.59,-0.004470694999999999,0.013132558,-0.19267929999999997
0.6,-0.0014706210000000012,0.014630747999999999,-0.20554182100000004
0.61,-0.016713841999999996,0.01673567,-0.23637442100000003
0.62,-0.015221498999999996,0.0064533950000000015,-0.20198023100000007
0.63,-0.030990570000000005,0.01261751,-0.21175183400000006
0.64,0.001015541999999999,0.0023108080000000036,-0.20195266500000006
0.65,-0.01632823299999999,0.020342398,-0.21590066600000002
0.66,-0.007990884,0.022787272,-0.19125144100000013
0.67,-0.0063605319999999995,0.011023720999999998,-0.19104816700000005
0.68,-0.026251660999999992,0.009869446000000002,-0.222370515
0.69,-0.015481033000000003,0.018773202999999995,-0.21838066800000003
0.7,-0.011568111000000002,-0.003560808999999999,-0.19867037800000006
0.71,-0.0009674180000000029,-0.004883904999999995,-0.197143472
0.72,-0.010962366,0.018924843000000007,-0.21495496000000006
0.73,-0.025825862999999998,0.0010868809999999955,-0.22522925200000002
0.74,-0.0077933899999999955,0.006022827000000003,-0.2100910199999999
0.75,-0.010996745999999996,-0.0016664169999999947,-0.2029796600000001
0.76,-0.01559319,0.015747219000000003,-0.22090739599999998
0.77,-0.015338169999999995,0.008674533000000003,-0.20342512499999996
0.78,-0.012842862999999994,0.0014281599999999995,-0.20835796100000012
0.79,-0.005214858999999998,0.026947366000000004,-0.20042965200000007
0.8,-0.025662042999999992,0.019515201,-0.22240219199999997
0.81,-0.014752903999999997,-0.00415802,-0.20204743100000003
0.82,-0.011023905999999998,0.010650624999999997,-0.19959567799999997
0.83,-0.010819755999999993,0.017529463,-0.20138779800000003
0.84,-0.006011745000000001,0.0058765109999999975,-0.21911240800000006
0.85,-0.025169241999999994,0.011720806000000007,-0.22043722700000004
0.86,-0.015298842999999998,0.024436289,-0.21815248299999992
0.87,0.003595024000000004,0.009634351999999995,-0.210001603
0.88,-0.009673244999999997,-0.004955282999999995,-0.24306877300000004
0.89,0.0009346540000000037,0.003212613999999998,-0.224435201
0.9,-0.014745956000000001,0.011860312999999999,-0.201427397
0.91,-0.010370816999999994,-0.002864473999999997,-0.21198080200000002
0.92,-0.007586506999999993,0.014890702000000002,-0.20847883099999998
0.93,-0.011464184000000006,0.0021117239999999945,-0.2115239910000001
0.94,-0.008090042,0.011622326,-0.19993420500000003
0.95,-0.014696625999999999,0.014397339999999998,-0.21425725299999995
0.96,-0.027215253,0.020860988,-0.21501962499999996
0.97,-0.031166632,-0.006213907999999999,-0.20482412500000002
0.98,0.005224592999999998,0.007849812,-0.20729362399999998
0.99,-0.0004688929999999981,0.016197851999999992,-0.19956283300000002
1.0,-0.005265808999999994,0.003836223999999995,-0.19919156099999993
1.01,-0.015708789000000004,0.0028449080000000023,-0.21412469899999995
1.02,-0.015158193000000002,-0.0012256319999999995,-0.22410543300000005
1.03,-0.026149551999999996,0.011028040000000005,-0.231504666
1.04,-0.0071275269999999885,0.015508410999999996,-0.220660199
1.05,0.0002617009999999965,0.005603106000000005,-0.209158424
1.06,-0.007506677,0.030427007000000002,-0.20017436600000005
1.07,-0.021675390999999995,0.007472218000000001,-0.21338134399999995
1.08,-0.008250649000000002,-0.00020384200000000063,-0.19573418800000003
1.09,-0.006699466999999996,0.016744924000000005,-0.20289929399999998
1.1,-0.018036048999999995,0.020015341999999995,-0.21854727000000002
1.11,-0.020357124,0.009090729,-0.21257974700000007
1.12,-0.001286579999999999,0.013485368000000005,-0.20755230700000005
1.13,-0.0064273579999999985,-0.007629065999999999,-0.19569604099999996
1.14,-0.005603527,0.021099311999999995,-0.20800487700000003
1.15,-0.01764582099999999,0.021575249,-0.22559912899999998
1.16,-0.015843167999999994,0.004233886,-0.214553157
1.17,-0.011468685,0.003173605000000004,-0.215225024
1.18,-0.023309576999999998,-0.0022025599999999975,-0.21849983300000003
1.19,-0.019039045999999994,0.0011480949999999974,-0.235045411
1.2,-0.0054583900000000005,0.011028078,-0.20781158200000005
1.21,-0.007583055,0.004387626999999999,-0.201208631
1.22,-0.026439212999999996,-0.00026663699999999205,-0.21899862499999997
1.23,-0.012244156,0.014675723999999996,-0.22315928599999996
1.24,-0.00036645599999999315,0.006482384000000003,-0.20131215900000007
1.25,-0.004665887,0.005259858999999995,-0.22231901499999998
1.26,-0.007023081999999998,0.005795335000000004,-0.22587413200000006
1.27,-0.02164443,-0.006163622999999999,-0.21853420599999998
1.28,-0.004789522000000002,0.013115111999999996,-0.2115335919999999
1.29,-0.016765987999999996,0.005421809000000002,-0.20908462000000005
1.3,-0.016062160999999988,0.008881783999999997,-0.19740517600000002
1.31,-0.011034640999999996,0.0015612129999999955,-0.21928061100000001
1.32,-0.009459473999999999,0.011251677000000002,-0.19067015599999998
1.33,-0.010736463999999998,0.0038229429999999975,-0.19579457700000005
1.34,-0.013142546000000001,-0.003487037000000001,-0.20461367999999994
1.35,-0.016855038000000003,-0.0075201569999999995,-0.17641776000000006
1.36,0.012331866,0.0030409300000000016,-0.166809866
1.37,-0.0008901789999999992,-0.0022837410000000006,-0.16383255
1.38,-0.027364513999999993,-0.006776799999999997,-0.15475027200000002
1.39,-0.0026285010000000023,-0.004335088999999998,-0.1536633110000001
1.4,-0.011185972999999998,-0.013233370999999999,-0.17457649299999994
1.41,-0.010798394999999999,0.017065254999999994,-0.1760036060000001
1.42,-0.008055355999999998,-0.0015214659999999978,-0.15414390100000003
1.43,-0.003458489999999998,-0.010831569000000001,-0.15654422400000004
1.44,0.0047599149999999965,-0.003753005000000003,-0.13569910600000004
1.45,-0.012608139000000004,0.0014325740000000035,-0.16938949400000003
1.46,-0.021435236999999996,-0.0035431710000000003,-0.15106853299999995
1.47,-0.005502998,-0.003386938999999998,-0.14257173700000006
1.48,-0.016066598999999994,-0.00683123,-0.15724279500000002
1.49,-0.001008067999999999,-0.0007673159999999991,-0.152813826
1.5,0.000967423999999997,-0.006076794999999993,-0.145398063
1.51,-0.020457965999999998,0.008014672999999996,-0.14435232800000006
1.52,-0.010900683999999999,-0.006334601999999999,-0.166454084
1.53,0.0004527049999999992,-0.022072798,-0.145964894
1.54,-0.005070730999999996,0.011915858000000001,-0.17159628600000001
1.55,-0.019234997,0.008924663999999997,-0.14523661699999998
1.56,-0.011882796,0.008146256999999994,-0.16528853800000007
1.57,-0.020801705999999993,-0.009474982999999998,-0.14840842899999998
1.58,-0.009192366999999996,-0.005202783000000001,-0.154754019
1.59,-0.006915929999999997,0.0024779580000000036,-0.14729996899999998
1.6,-0.018968267000000007,-0.0039023289999999974,-0.16851491300000004
1.61,-0.010266709999999998,0.00714723,-0.16003980899999998
1.62,-0.020308985,-0.004636953999999997,-0.16111272900000007
1.63,-0.017557947999999993,0.007220797999999999,-0.141233697
1.64,-0.014666758999999993,0.008765674999999999,-0.18453364699999997
1.65,-0.016537233,-0.005967163999999996,-0.14721979900000004
1.66,0.0012135699999999998,-0.007109725999999994,-0.1781955760000001
1.67,-0.020448607999999997,0.010346217999999992,-0.17483683299999997
1.68,0.004215714999999991,0.0013047419999999998,-0.19199242000000005
1.69,-0.0022597869999999966,0.0069026090000000005,-0.172708054
1.7,0.002638268999999998,-0.007056520999999995,-0.16112715699999997
1.71,-0.008988222,0.014280679999999999,-0.15724529699999998
1.72,-0.011912733,0.006644242000000003,-0.16493576400000007
1.73,0.001977168000000002,-0.0011544619999999963,-0.18682411499999999
1.74,-0.012089850000000001,0.014536036,-0.17213347600000006
1.75,-0.011645931999999998,0.004933352999999997,-0.18730453500000002
1.76,-0.01511603299999999,-0.001241419999999993,-0.1877488700000001
1.77,-0.027137384999999993,0.006089320999999999,-0.15010740999999997
1.78,-0.022988968999999995,0.003506230000000002,-0.168985965
1.79,-0.016893462999999994,0.01674734,-0.184591323
1.8,0.0027909010000000006,0.011928399,-0.17272755300000003
1.81,-0.009938498999999998,0.008710973000000004,-0.15494203499999998
1.82,-0.009063156999999997,0.0029829809999999974,-0.17846789599999993
1.83,-0.024189208999999996,0.009509954999999995,-0.199403901
1.84,-0.005172414000000003,0.012905825999999999,-0.19555207499999994
1.85,-0.019168394999999994,0.001025213000000005,-0.16419605100000004
1.86,0.007784370000000001,0.023214604,-0.17254338900000005
1.87,-0.010651655000000003,0.0038611139999999975,-0.18343580099999998
1.88,-0.016403313999999995,0.012785753999999995,-0.17855181900000003
1.89,-0.010295698,0.016862751999999998,-0.180602211
1.9,-0.012370160000000005,0.008057901999999999,-0.208026564
1.91,-0.029045163999999988,-0.006286359000000002,-0.20960466900000005
1.92,-0.0037415509999999983,0.005026770000000002,-0.180069499
1.93,0.004065686000000008,0.0036607580000000027,-0.1640226210000001
1.94,-0.0076233119999999975,0.02246717599999999,-0.1978340719999999
1.95,-0.01666466599999999,0.006338537000000004,-0.19325749500000014
1.96,-0.002140000999999991,-0.002143925999999998,-0.19196554399999993
1.97,-0.007292929999999999,-0.013240046000000004,-0.19611855999999997
1.98,-0.010889631000000004,0.017005386,-0.214564106
1.99,-0.025172574999999992,0.0010520110000000003,-0.19835684600000011
2.0,0.002264273,0.0025595250000000056,-0.19642637000000002
2.01,0.005386276999999998,0.009797374999999997,-0.18607804400000008
2.02,-0.014558143999999995,0.02198025,-0.21583374500000002
2.03,-0.013309643,0.017517523999999996,-0.20774903000000003
2.04,-0.008707916000000003,0.007568451000000001,-0.200015023
2.05,-0.015602176999999986,-0.004224015999999996,-0.20083070600000003
2.06,-0.012442267999999994,0.003879790000000005,-0.21194645799999998
2.07,-0.013804550000000004,0.008527116999999996,-0.18765142700000007
2.08,-0.005093954000000002,0.009589489,-0.18869027699999996
2.09,-0.003668277999999998,0.010670561,-0.20887682899999999
2.1,-0.016337115,0.006277920999999997,-0.20139398100000003
2.11,-0.014063944000000002,0.007624190999999996,-0.20222325299999994
2.12,-0.0062717489999999975,0.011051651000000004,-0.206372745
2.13,-0.0015283729999999974,0.017594264999999998,-0.22473825800000005
2.14,-0.027356384999999993,0.011768496999999996,-0.19474728400000002
2.15,0.00019312300000000096,0.0052551330000000064,-0.179212588
2.16,-0.009772703,0.015333870999999999,-0.18652448200000005
2.17,-0.023843211999999996,-0.003275960000000005,-0.200556982
2.18,-0.005977130000000001,0.014158016000000004,-0.20330430200000005
2.19,-0.005918564000000002,0.009239930999999998,-0.198101482
2.2,-0.0007705170000000005,-0.010908166999999993,-0.21097251800000005
2.21,-0.023675476999999997,0.009281063000000004,-0.22339149799999988
2.22,-5.340000000000202e-05,0.008507754999999995,-0.20186192100000008
2.23,-0.006721071999999996,0.011873365999999998,-0.200103378
2.24,-0.0063847,0.024362895,-0.19006278199999996
2.25,-0.021223863999999995,0.0021475160000000004,-0.22176119600000002
2.26,-0.014056901999999996,0.018082435999999997,-0.21674374400000007
2.27,-0.009056108999999994,0.0057061360000000075,-0.18202519800000003
2.28,-0.003248347000000001,0.009788508000000001,-0.21102090800000012
2.29,-0.020323149000000002,0.010166597000000005,-0.21821044500000003
2.3,-0.01960885,0.020167627000000004,-0.20596751199999996
2.31,-0.009109443999999998,0.007293033000000008,-0.20284839200000002
2.32,-0.006665436999999997,0.002260938000000001,-0.22691758200000006
2.33,-0.02098288699999999,-0.0024326340000000004,-0.214731632
2.34,-0.005081249999999999,-0.006671023000000001,-0.20931679800000003
2.35,0.00010814299999999893,0.005040282999999999,-0.20695474600000005
2.36,-0.013696591999999997,0.012220152000000001,-0.20251495699999997
2.37,-0.011902716000000004,0.020626599999999995,-0.22966271
2.38,0.008245569999999997,0.011842467999999997,-0.19031724599999997
2.39,-0.004085563999999997,0.024547041000000002,-0.20001096800000004
2.4,-0.015171019999999999,0.007067157000000002,-0.22655751500000007
2.41,0.0014632839999999996,0.004318155999999998,-0.216897886
2.42,-0.007093520999999992,-0.003119073999999998,-0.20323321600000002
2.43,-0.021245835000000005,0.012225215000000003,-0.20693820200000002
2.44,-0.003346837,0.013236653999999994,-0.236193014
2.45,-0.004969764999999997,-0.008101695999999993,-0.200571871
2.46,-0.014187960000000001,0.0019369469999999966,-0.17410421299999998
2.47,-0.025302235000000003,0.013892713000000001,-0.19561197700000005
2.48,-0.026229874,-0.0026775170000000004,-0.2250812999999999
2.49,-0.015243271999999999,0.011426908999999999,-0.17637033700000004
2.5,-0.011350513999999992,-3.480000000000072e-05,-0.185021533
2.51,-0.00018503599999999533,0.0022371709999999996,-0.18013528299999992
2.52,-0.006386066000000002,0.014003061,-0.183593304
2.53,-0.010107891,0.0020744689999999937,-0.16459927300000002
2.54,-0.007176819000000002,0.004590512000000002,-0.178224656
2.55,-0.012382127999999997,-0.0012797389999999974,-0.17053509700000008
2.56,-0.005822369999999997,0.016328022999999997,-0.172909142
2.57,0.002233057000000001,-0.004458030999999996,-0.17242692599999998
2.58,0.004715529999999995,-0.007947872999999996,-0.15658926699999998
2.59,0.0002904390000000023,0.015008028999999996,-0.1404965400000001
2.6,-0.0053148469999999975,0.002991594999999994,-0.169784358
2.61,-0.007398989999999999,-0.007801188999999999,-0.16019176300000001
2.62,-0.013005478,-0.0036383480000000044,-0.149857102
2.63,-0.008097302000000004,-0.004869655999999999,-0.17489488199999995
2.64,0.0037732729999999984,0.007118037999999998,-0.16128369000000004
2.65,-0.002562019999999993,0.0021729170000000042,-0.14934106799999994
2.66,0.004426927000000006,0.01490090399999999,-0.143229197
2.67,-0.027208695999999997,0.0020093149999999976,-0.15311575200000005
2.68,0.0024902790000000032,-0.02153632199999999,-0.15275381400000002
2.69,0.0010472790000000008,0.017648987000000005,-0.150516432
2.7,-0.00916717,-0.0006812530000000019,-0.16124318700000004
2.71,-0.003424728999999993,-0.003063570000000007,-0.15753028799999996
2.72,0.004945363000000003,-0.013000362999999997,-0.155419141
2.73,0.0012204579999999998,-0.004404297999999999,-0.15508804400000004
2.74,0.007150785000000002,0.014530200999999998,-0.14830182400000005
2.75,0.0075649149999999984,0.0057631409999999985,-0.16617592099999998
2.76,-0.015153064999999997,-0.003280604999999998,-0.1615106990000001
2.77,-0.028636613999999987,-0.0034485559999999998,-0.171093936
2.78,-0.021359522999999995,-0.004726147000000002,-0.16608847399999996
2.79,0.005246536999999996,0.015106110999999998,-0.18221865700000003
2.8,-0.006175782999999997,-0.0035121359999999986,-0.16768781900000007
2.81,-0.016768873999999996,-0.004522480999999997,-0.155175172
2.82,0.002458799999999997,0.008101124,-0.17924679200000004
2.83,-0.018223806999999998,0.009192535999999996,-0.17254009300000006
2.84,0.010158747999999997,-0.0012115589999999953,-0.156185035
2.85,-0.018050951999999995,0.001458763999999999,-0.17177091700000005
2.86,-0.0011594539999999996,0.008540786000000002,-0.17682624100000002
2.87,-0.006566597999999987,0.013463142999999997,-0.16474451
2.88,-0.002146394999999995,0.016535884999999997,-0.150664137
2.89,-0.0028370509999999993,0.012485628999999991,-0.15738232800000007
2.9,-0.028098798,0.007249131999999999,-0.19851986699999996
2.91,-0.006799113999999994,0.012128157000000004,-0.17944225700000008
2.92,-0.0022587970000000003,0.004045949999999996,-0.17548471
2.93,-0.017676676999999995,0.0017097890000000058,-0.16928548800000004
2.94,-0.013333486,0.014435540999999998,-0.177494966
2.95,-0.011520116999999993,-0.0074624489999999995,-0.17833780500000002
2.96,-0.003500126000000002,0.0024656749999999996,-0.18075882300000004
2.97,-0.0014482119999999963,0.012408775,-0.18199923000000004
2.98,-0.005895417999999994,0.010079574999999999,-0.212598587
2.99,-0.000844795999999997,0.003995265999999998,-0.17932290300000003
3.0,-0.009225048000000001,0.006695867999999997,-0.18729785600000007
3.01,-0.009598884000000002,0.0007200690000000034,-0.193919586
3.02,-0.031711675,-0.0013420749999999992,-0.19111410800000003
3.03,-0.009080279999999996,-0.0038378929999999985,-0.1769110710000001
3.04,-0.020338951999999993,0.018644094999999992,-0.21574916100000002
3.05,-0.019431608999999996,0.012778492,-0.19281813300000003
3.06,-0.012094937000000004,-0.006899972999999999,-0.193467874
3.07,-0.0007779039999999999,0.0020123309999999974,-0.1763083690000001
3.08,-0.0073068379999999995,0.010363815,-0.20992041300000003
3.09,-0.016343890999999996,0.0025106930000000018,-0.18397140800000006
3.1,-0.0059728249999999984,0.004994948000000002,-0.19254226900000004
3.11,-0.002680221999999998,0.006186518999999999,-0.18436011799999996
3.12,-0.015169676,-0.007361095000000006,-0.19447447000000004
3.13,-0.04160090799999999,-0.010121159999999995,-0.21328654
3.14,-0.012454393999999999,-0.00870256,-0.182155846
3.15,-0.01593405700000001,0.000498222000000001,-0.1409758660000001
3.16,-0.005139103999999997,-0.011460339000000005,-0.16547935900000002
3.17,-0.01691068599999999,-0.008763912,-0.18563884899999994
3.18,-0.0013653359999999946,-0.004823485999999997,-0.15781389000000007
3.19,-0.012132494000000004,-0.0023837420000000034,-0.151987899
3.2,-0.017531683,-0.004236650999999996,-0.16563324499999996
3.21,-0.008517439999999994,-0.022721095999999996,-0.16360660000000005
3.22,-0.007456493000000001,0.003448872999999993,-0.14079497100000002
3.23,-0.009536883000000001,-0.009233987,-0.14126018599999998
3.24,-0.007870299999999992,-0.000743190999999998,-0.16217738800000003
3.25,-0.012058895999999998,-0.0042427240000000015,-0.145579626
3.26,0.007806266000000006,0.01090701,-0.136925844
3.27,-0.011313060999999998,-0.004004620000000007,-0.158177601
3.28,-0.029275069999999993,0.0006851119999999973,-0.15391244100000004
3.29,0.006838755000000003,0.006012685,-0.1496145449999999
3.3,0.0015136040000000002,-0.007379304,-0.14150295400000007
3.31,-0.020013015999999995,0.003971287,-0.13339692200000003
3.32,-0.008078790000000002,0.005365998999999998,-0.161316419
3.33,-0.019130372000000007,-0.003311196999999998,-0.153542498
3.34,-0.007364452,-0.005499748999999997,-0.13742614900000005
3.35,0.004273507999999999,0.0017729920000000001,-0.166711035
3.36,-0.016053734000000004,0.010293675,-0.17666816700000004
3.37,-0.011233229999999999,-0.008629569,-0.154372809
3.38,0.00951365,-0.0036698469999999995,-0.14530365999999997
3.39,-0.0006062950000000004,0.009666051000000002,-0.14393257599999998
3.4,-0.010440801999999997,0.002139633000000001,-0.1658591070000001
3.41,0.009068637999999997,-0.0022276019999999987,-0.161105792
3.42,-0.018045955000000006,0.0052236819999999995,-0.16869108000000002
3.43,-0.009999349999999999,0.0008034770000000006,-0.19906121400000001
3.44,0.0039111120000000004,0.012256417000000002,-0.18740730699999997
3.45,0.014293358999999995,-0.0011134509999999975,-0.16030265200000005
3.46,-0.009005634999999993,0.005342405000000001,-0.16037389
3.47,-0.01859855299999999,0.002366840000000001,-0.17325266899999994
3.48,0.011456230000000001,0.011476875,-0.16425509800000002
3.49,0.010477798000000002,0.013040491000000001,-0.15134490300000009
3.5,-0.022389361999999993,0.0054377150000000036,-0.18397889300000006
3.51,-0.009575098999999998,-0.01075265,-0.18825310900000003
3.52,-0.007057230000000003,0.010985894000000005,-0.17042833199999996
3.53,-0.027239989,0.02856421899999999,-0.16020217399999995
3.54,-0.001615698999999999,0.0022092220000000024,-0.16103328900000002
3.55,-0.0065244780000000046,0.011054905000000005,-0.18451067700000004
3.56,-0.004075691999999997,0.007157488000000005,-0.17510429999999996
3.57,-0.011965772999999992,0.0036864840000000007,-0.19396547200000003
3.58,-0.0014255089999999934,0.009292566999999996,-0.19861196700000003
3.59,0.006778564000000004,0.028527111,-0.19354584
3.6,0.010130322999999998,0.011355869,-0.18239246399999998
3.61,0.006295710000000002,0.009714695999999998,-0.16038094700000002
3.62,0.00782622200000001,0.019664698000000008,-0.188955509
3.63,-0.014101877,0.015273352000000002,-0.18506378900000003
3.64,-0.007490680999999998,0.011866938999999998,-0.17958513699999998
3.65,-0.006750537999999994,0.006178678000000005,-0.213330364
3.66,0.005797341000000004,0.008838370000000005,-0.20816706799999998
3.67,0.002494913000000002,0.003727728000000005,-0.18851341400000005
3.68,-0.0037038890000000006,0.0007645410000000036,-0.18020276899999998
3.69,0.020087468,0.018685927000000005,-0.192454373
3.7,0.00025596900000000264,0.002092782000000001,-0.20446024100000001
3.71,0.005143742,0.008073170000000001,-0.18906353899999997
3.72,-0.005650334999999993,0.010879102999999996,-0.19948032400000001
3.73,-0.012797291,0.009399612999999996,-0.21388861599999995
3.74,-0.019588176,0.010770262999999995,-0.20989271399999998
3.75,-0.003952442000000001,0.011159170999999996,-0.19247188600000004
3.76,-0.00010521899999999913,0.013143182999999996,-0.19946690700000003
3.77,-0.013630307999999999,0.006483556000000002,-0.213114544
3.78,0.0018217629999999984,0.012501644,-0.210366055
3.79,-0.006392404000000001,0.009071157000000003,-0.20090825499999998
3.8,-0.007047852000000001,0.021746456999999997,-0.18425376700000007
3.81,-0.014579553,0.0003482140000000003,-0.213237354
3.82,-0.018731620999999993,0.010163721000000002,-0.21487103500000002
3.83,0.0014515910000000001,0.022262004,-0.19652120899999995
3.84,-0.020181450999999996,0.011700991999999995,-0.19325735500000002
3.85,-0.003989502999999996,0.016857462000000004,-0.198248353
3.86,-0.008773581,0.020413446,-0.21849755599999995
3.87,-0.010020838999999998,0.008130426999999997,-0.22122983400000001
3.88,-0.018397492,0.003869730000000002,-0.21700407700000005
3.89,-0.0009749649999999943,0.017231518000000005,-0.20042244499999998
3.9,-0.006540070999999998,0.006719483000000005,-0.21286072100000006
3.91,0.009228839999999993,0.027814147000000004,-0.190437245
3.92,0.0055136019999999985,0.021920421,-0.21953767799999999
3.93,-0.004984020999999998,0.010065254000000001,-0.22662617099999996
3.94,-0.004567585999999991,0.020177092000000004,-0.20541278500000004
3.95,-0.014534282999999995,0.015832662,-0.197013078
3.96,-0.0037080989999999994,0.020567772999999998,-0.22254144600000006
3.97,-0.006647907999999999,0.006988135999999999,-0.20820139999999998
3.98,-0.005734662000000001,0.02336540599999999,-0.19886769299999998
3.99,-0.004271975000000005,0.021877674999999996,-0.2025145550000001
4.0,-0.013322091999999997,0.012591253000000002,-0.23500947599999994
4.01,-0.009725127999999991,0.02055833300000001,-0.20640848600000003
4.02,-0.013451025999999996,0.008200233999999999,-0.21033844799999998
4.03,0.007258488999999999,0.002538152999999998,-0.21854272599999996
4.04,-0.009497296000000002,0.022272926999999998,-0.200015851
4.05,-0.019938984,0.010180827999999998,-0.21785961300000006
4.06,-0.009127507,0.0013355530000000039,-0.20052769000000004
4.07,-0.025433534,0.008268555000000006,-0.219609115
4.08,-0.0020994899999999986,0.009822244000000003,-0.22389133800000002
4.09,-0.001954522,0.00046108000000000303,-0.2157960240000001
4.1,0.004065618000000003,-0.019601316999999993,-0.19356886
4.11,-0.0006126839999999962,0.009618150000000004,-0.22209931600000002
4.12,-0.006436473999999996,0.016859928999999996,-0.234442734
4.13,-0.012689214999999988,0.004533706999999995,-0.21640984199999996
4.14,-0.012479440000000001,0.009475629000000001,-0.22147829800000002
4.15,-0.015130695999999997,0.008559704999999999,-0.21944406700000005
4.16,-0.011413101999999991,0.022340360000000004,-0.2249703339999999
4.17,-0.011819315000000002,0.020129844999999997,-0.21123645300000007
4.18,-0.004773266000000001,0.018544581,-0.20856887400000002
4.19,0.008093675999999996,0.021282954999999996,-0.22040673799999996
4.2,-0.006473779999999999,-0.001860059999999997,-0.23161357699999996
4.21,-0.0036828219999999953,0.008944278000000003,-0.21015107000000002
4.22,0.001612689000000006,0.0030778180000000004,-0.20957261899999996
4.23,-0.022763906000000004,0.010430471999999998,-0.24536996700000005
4.24,0.006700603000000002,0.014384714999999998,-0.22738971600000002
4.25,0.006179500999999998,-0.008847316999999999,-0.20914985699999997
4.26,-0.018547678999999994,-0.007696264999999997,-0.21320919800000002
4.27,-0.0005741899999999988,0.018934143000000007,-0.20502025699999998
4.28,-0.0033127289999999973,0.006240258999999998,-0.22005603300000004
4.29,-0.007763125,0.009569584,-0.21948719400000002
4.3,-0.023307336999999997,0.017351271,-0.239663379
4.31,-0.019793947000000003,0.010054282999999997,-0.24216692800000003
4.32,-0.025395772000000004,0.012012309000000002,-0.211491765
4.33,0.001985620999999999,0.0026475219999999968,-0.217187148
4.34,0.013105033000000006,0.0011274150000000018,-0.20770930599999998
4.35,-0.025969441999999992,0.009794846999999999,-0.21871677900000003
4.36,-0.015634087,0.015976327,-0.21011385600000007
4.37,-0.011903720999999999,0.02088447,-0.227308556
4.38,-0.021477404,0.012285093000000004,-0.24302714700000003
4.39,-0.021538558,0.009991524000000002,-0.22953686500000003
4.4,-0.012827356000000002,0.004601174000000001,-0.232095159
4.41,0.006754662000000001,0.01050488,-0.22815340400000003
4.42,0.014061423000000003,0.010044742000000004,-0.218658747
4.43,0.00022394400000000923,0.020498611,-0.20292012699999995
4.44,-0.0045427820000000065,-0.0008375549999999987,-0.2105942930000001
4.45,-0.012460957999999998,0.006696909000000005,-0.23557395500000003
4.46,-0.032844205,0.005287011000000005,-0.24238733199999998
4.47,-0.007189452999999996,0.025140173999999994,-0.21977808399999998
4.48,0.011900792999999995,0.018909443,-0.22101576500000006
4.49,-0.009474279999999996,0.011281480000000002,-0.23476921999999992
4.5,-0.022211116000000003,0.020497238,-0.21922221700000002
4.51,0.006270380000000002,0.009324678,-0.211736287
4.52,-0.012438026,0.021801078,-0.21739565699999996
4.53,-0.010110179,0.013862341999999991,-0.24635097700000005
4.54,-0.014010743999999999,0.014684799000000007,-0.23372918799999992
4.55,0.0005468850000000037,0.009768433,-0.205568635
4.56,0.0026901910000000037,0.012894366999999993,-0.214745477
4.57,-0.004938638999999996,0.010360217000000001,-0.2192488
4.58,0.0013235460000000064,0.0028642519999999986,-0.22361003500000007
4.59,-0.008775313000000002,0.0036303510000000034,-0.22532814000000007
4.6,0.011128235000000004,0.005857335999999997,-0.21758048600000005
4.61,-0.007412480999999993,0.012675140999999996,-0.24286055200000004
4.62,-0.004718094000000002,0.017096393999999997,-0.231120223
4.63,-0.017960709,0.014217824000000002,-0.2068600760000001
4.64,-0.016242656999999994,0.012194740999999997,-0.19928870400000007
4.65,-0.001198506999999996,0.005054678000000006,-0.22709703400000006
4.66,0.0005914860000000066,0.004922974000000006,-0.21409363200000006
4.67,-0.002523880999999997,0.005119300999999993,-0.2146876289999999
4.68,-0.0074555580000000045,0.012440424999999998,-0.23083123800000002
4.69,-0.007274539999999993,0.004797788999999997,-0.25042859900000003
4.7,0.002682120000000002,0.022295427999999996,-0.22717460700000003
4.71,-0.019515375999999994,0.009716381,-0.20044281900000008
4.72,-0.006980555000000007,0.021618067000000005,-0.21847741300000012
4.73,-0.014445860999999997,0.017715588,-0.23675136099999997
4.74,-0.003985115,0.005122387999999995,-0.211354601
4.75,-0.0035142329999999955,-0.005318153999999993,-0.21720941400000002
4.76,-0.006882059999999993,0.012279469999999997,-0.23584444199999993
4.77,-0.007721934000000004,0.014393032000000002,-0.24681733900000008
4.78,0.0036757599999999962,0.004423345999999996,-0.22482830200000006
4.79,0.0006394399999999973,0.007466996000000005,-0.21987446699999996
4.8,-0.005295466999999999,0.009694975999999994,-0.22499240100000006
4.81,-0.015572593999999995,0.007290746000000005,-0.22087181999999994
4.82,-0.00649816099999999,0.0005878710000000017,-0.21974572400000003
4.83,0.006404303000000002,0.026098164999999993,-0.20646000800000014
4.84,-0.0025440479999999993,0.019700525999999996,-0.233686317
4.85,-0.014738075000000003,0.008111427999999999,-0.21941632700000002
4.86,-0.013376155999999998,0.009141311999999999,-0.20790405299999998
4.87,-0.0021562349999999994,0.010202916999999995,-0.21585150099999997
4.88,-0.006900987999999994,0.0012106419999999998,-0.225374315
4.89,0.008957349000000005,-0.006021664000000002,-0.211499502
4.9,-0.013051176999999997,0.008962982000000003,-0.2049634780000001
4.91,0.013806497000000001,0.01308869,-0.23279014099999987
4.92,-0.004583133999999995,0.007621690999999995,-0.22524539600000001
4.93,-0.015338192999999993,-0.001649160999999995,-0.23403183800000002
4.94,-0.010479712999999995,0.018245111000000005,-0.20466136599999998
4.95,-0.023358427000000008,-0.0002567910000000051,-0.224659541
4.96,-0.007588030999999995,0.004892448000000006,-0.22605996600000006
4.97,-0.019623314999999992,0.012292488999999998,-0.21921757299999997
4.98,-0.004885316000000005,0.006243488999999999,-0.22312330700000005
4.99,-0.007872702999999998,-0.005698358999999996,-0.21523932800000004
5.0,-0.003234205000000004,0.005538656000000004,-0.21835379699999996
5.01,-0.010231912,-0.001088689999999993,-0.21701212100000003
5.02,-0.008118489000000001,0.012408651000000001,-0.2202223300000001
5.03,-0.027949665999999988,0.016588226000000005,-0.2218152959999999
5.04,-0.006561589000000001,0.007678234999999995,-0.230175115
5.05,0.002938667000000003,0.008247823999999997,-0.230535536
5.06,-0.007724141000000002,0.001924868000000002,-0.205235006
5.07,-0.004477638,0.022593643,-0.22643052000000002
5.08,0.0008304899999999957,-0.0051487939999999965,-0.22406344399999997
5.09,-0.0034277039999999984,-0.0024423209999999947,-0.221719628
5.1,-0.010609981,0.007940608999999998,-0.21159494900000006
5.11,-0.013337792,0.016609909,-0.238801897
5.12,0.009520967,-0.006865531,-0.244036228
5.13,-0.009965093999999999,0.0015969689999999993,-0.20511828599999998
5.14,-0.016712153999999993,-0.008433190000000002,-0.21940461599999997
5.15,-0.008949617999999996,0.006231077000000002,-0.22500038300000003
5.16,-0.011732816999999994,0.0015006709999999955,-0.22406696
5.17,-0.009512119999999995,0.025925862,-0.21645442900000011
5.18,-0.019130577999999992,8.160000000001799e-06,-0.2268791969999999
5.19,-0.0027696430000000026,0.009438815999999997,-0.24389759600000005
5.2,0.0039407090000000014,-0.002643370999999992,-0.21148248100000006
5.21,-0.0014096579999999948,-0.0003970930000000016,-0.21318259799999995
5.22,-0.011446363000000001,0.009484978999999998,-0.22282490599999996
5.23,0.009799649999999998,0.007515021999999997,-0.22230703000000002
5.24,-0.018166025999999995,0.013627857000000005,-0.21293825899999996
5.25,-0.018647330999999996,0.007133987999999998,-0.21880006700000007
5.26,-0.021102045,0.007922795,-0.237814612
5.27,-0.009604349999999992,-0.006705409999999996,-0.20851623199999997
5.28,-0.005861617999999998,-0.008129451999999997,-0.20527259800000003
5.29,-0.02465808099999999,0.023389546,-0.2272945460000001
5.3,-0.009484452999999988,0.019348734000000006,-0.21384449899999994
5.31,0.001030915999999996,-0.002585373999999997,-0.222509759
5.32,-0.006275805000000005,-0.007795797999999997,-0.22206373
5.33,-0.015561884999999996,0.019171409,-0.229881395
5.34,-0.0029397320000000013,0.011524361999999998,-0.23229300600000005
5.35,-0.003949644,0.007513735000000004,-0.20877078099999993
5.36,-0.014545104999999996,0.007136321000000004,-0.22058605
5.37,-0.00048622999999999825,-0.009922163999999999,-0.20591347500000004
5.38,-0.017330302999999995,-0.0013765079999999933,-0.218428527
5.39,-0.013497882,0.0023352480000000076,-0.213726041
5.4,-0.015554721999999998,0.007326248000000002,-0.19596098800000006
5.41,-0.023997813,0.011998999999999994,-0.21505231500000005
5.42,-0.007946002999999997,0.011708541000000001,-0.20978039800000006
5.43,-0.0002841639999999983,0.008228533999999997,-0.18362140299999996
5.44,-0.0009373099999999953,-0.011069094999999992,-0.17089816200000008
5.45,-0.020726195999999995,0.006803276999999993,-0.17230529400000003
5.46,-0.007887118999999993,-0.008259891999999996,-0.1620325030000001
5.47,-0.006384041999999999,0.010832500999999996,-0.17498020700000003
5.48,-0.009767903999999997,-0.021799987999999992,-0.17124055499999988
5.49,-0.006575535000000001,0.006034717999999998,-0.176605973
5.5,-0.004441061999999999,-0.010388392999999998,-0.17272303800000005
5.51,0.0017555370000000034,0.004601220000000001,-0.13906565799999998
5.52,0.000846471000000002,0.0004897909999999989,-0.15879865900000012
5.53,-0.023565268999999993,0.003344677000000005,-0.16885154400000005
5.54,4.680000000000305e-05,-0.008022720999999998,-0.15823726599999996
5.55,-0.0014087669999999996,0.004525792999999998,-0.15810100499999996
5.56,-0.005690672999999994,0.012113833000000004,-0.17557584900000003
5.57,-0.008855850999999996,-0.0010846099999999993,-0.16389122599999997
5.58,-0.017691382,-0.015867246999999994,-0.15518327600000006
5.59,0.0023078949999999995,-0.004631436000000003,-0.15250677000000007
5.6,-0.0019557280000000008,0.007946993,-0.159475633
5.61,-0.016956620999999998,-0.011922519,-0.15180409300000006
5.62,-0.009296009999999997,-0.016045419000000002,-0.14862753099999992
5.63,0.001503633,-0.004232312000000001,-0.146550437
5.64,-0.028030657999999996,-0.0009714459999999955,-0.1697111770000001
5.65,-0.025957625999999998,0.004437029999999993,-0.167369293
5.66,-0.007688849000000002,-0.004556207999999997,-0.162477433
5.67,-0.012084242000000004,0.0006246710000000013,-0.15061438400000002
5.68,-0.011495518,-0.018601224999999996,-0.189254027
5.69,-0.008742421999999998,0.008225037000000006,-0.18433138699999999
5.7,-0.00046725199999999846,-0.013102912,-0.16107471900000003
5.71,-0.016096634999999998,0.0007018230000000019,-0.15782148000000004
5.72,-0.011398029999999998,0.001143116000000001,-0.15939428699999997
5.73,0.014393981999999998,0.0009253810000000015,-0.17737057700000003
5.74,-0.0018427249999999967,-0.002603064999999998,-0.17123755400000004
5.75,-0.014366306999999995,0.009147481000000002,-0.187370224
5.76,-0.013701472000000004,-0.011194496999999998,-0.191497324
5.77,-0.013570451000000002,-0.001073898999999995,-0.17963021
5.78,-0.0048120619999999946,0.0063819720000000005,-0.16612161999999994
5.79,-0.015241716,0.008563463,-0.17255852700000007
5.8,0.009064535999999998,0.019748286,-0.186309212
5.81,-0.004511767999999991,-0.003948959000000002,-0.18048867600000001
5.82,-0.01602531,0.015881304,-0.18565158999999998
5.83,-0.019340633999999992,0.005092532000000002,-0.18618014900000007
5.84,-0.015384456999999992,0.008693586999999997,-0.20282561599999993
5.85,-0.006215576000000006,0.009547705000000002,-0.17615585600000006
5.86,-0.011318982,-0.005538875999999998,-0.16937618100000001
5.87,-0.0019654800000000012,-0.000842868999999999,-0.17492055099999998
5.88,-0.005208767000000002,0.009759022999999999,-0.18914728700000005
5.89,-0.015495084999999999,-0.02604331999999999,-0.16884244599999995
5.9,-0.012617404999999991,0.012135346000000002,-0.19417662200000002
5.91,-0.006574668999999998,-0.006610377999999997,-0.211650493
5.92,0.0006331549999999963,0.011305620999999995,-0.19955313799999996
5.93,-0.013246816999999998,0.0025043440000000056,-0.18672526700000006
5.94,-0.007785911999999996,0.007728160000000001,-0.1801819580000001
5.95,-0.008978182999999999,0.019936411,-0.18174503200000003
5.96,-0.016697302999999997,-0.002565407999999999,-0.198708366
5.97,-0.004919434000000001,0.010227799000000003,-0.17983257300000002
5.98,0.0005773479999999949,0.0034733120000000014,-0.20461481900000006
5.99,-0.010094216999999994,0.012778444999999996,-0.22721039099999998
6.0,-0.016909930000000007,0.009998024000000001,-0.19915064200000004
6.01,-0.008795927999999991,-0.010960788999999993,-0.18554129999999996
6.02,-5.890000000000309e-05,0.007857875999999998,-0.19168306699999998
6.03,-0.014249840000000003,0.012040557999999998,-0.18230184500000002
6.04,-0.006348158999999997,0.006624733999999994,-0.1852762890000001
6.05,-0.005457743999999992,0.006440883000000001,-0.19156686099999992
6.06,-0.018776785,0.00791032,-0.21592542600000006
6.07,-0.0017684710000000004,0.01992424299999999,-0.20264330700000002
6.08,-0.01841466399999999,0.005611978999999999,-0.17599731899999996
6.09,-0.009668778000000003,0.012802330999999997,-0.193807798
6.1,-0.011245536999999998,0.009900700999999998,-0.20207837000000006
6.11,-0.006609256,-0.009812089,-0.21011756600000003
6.12,-0.006461861000000003,0.011118254999999999,-0.20468547700000006
6.13,-0.019994994,-0.007001168000000001,-0.221286616
6.14,-0.025849668999999995,0.018952672999999996,-0.20815684799999995
6.15,-0.013852464999999996,0.003998701,-0.20063769600000003
6.16,-0.013577215999999994,0.017705501,-0.182993638
6.17,-0.003206657999999993,0.026027671999999998,-0.18981649200000003
6.18,-0.023968993,0.008395520999999998,-0.20366933200000004
6.19,-0.025492231999999997,0.015941325,-0.20442012999999998
6.2,-0.013003720999999998,-0.0069138369999999965,-0.20617123799999998
6.21,-0.014991543999999997,0.010760420999999997,-0.20041224800000002
6.22,-0.022667983999999995,0.0068802809999999985,-0.219879766
6.23,-0.010651322999999999,0.009559802999999997,-0.20618905200000004
6.24,-0.003520572000000002,-0.0012955390000000011,-0.21052040299999997
6.25,-0.012107388999999998,0.014255511000000002,-0.20706078600000005
6.26,0.002849239000000003,0.0036065110000000036,-0.21211722599999996
6.27,0.006668070999999998,0.0073985259999999956,-0.19762569600000005
6.28,-0.005101362999999998,0.016612222,-0.204872768
6.29,0.00438235,0.019369248999999998,-0.22390512199999996
6.3,-0.0032203770000000026,0.011845508999999997,-0.21225712100000002
6.31,0.011171671000000005,0.017077814,-0.21158650900000006
6.32,-0.0015926069999999935,0.004345190000000002,-0.20555437899999995
6.33,-0.008712176999999998,0.014477384999999999,-0.2372678670000001
6.34,-0.012107029000000004,0.010084544,-0.23128037300000004
6.35,0.004591760000000004,0.0011005930000000015,-0.21067111299999994
6.36,-0.0033479290000000017,-0.003973580999999997,-0.21133823399999999
6.37,-0.008430741999999993,0.018205714999999997,-0.21691465900000007
6.38,-0.012580674999999993,0.009999697999999998,-0.21577119599999997
6.39,-0.0010539299999999996,0.0018355829999999978,-0.20927673100000002
6.4,0.003702623999999999,0.005578203000000003,-0.21631377299999993
6.41,-0.020874549,0.026266802999999995,-0.223928167
6.42,-0.018827944,0.003351093000000001,-0.21830850200000007
6.43,-0.007863356,0.016235367,-0.20050454899999992
6.44,-0.011680885999999996,0.011840132999999994,-0.21272397800000004
6.45,-0.014281529999999999,0.004573607999999999,-0.22308268
6.46,-0.005332568999999997,0.009141193000000006,-0.208670203
6.47,-0.016859819,0.006811366999999994,-0.21104397
6.48,-0.020557921,0.011964419999999996,-0.23316889200000004
6.49,-0.007601327999999999,0.008689638999999999,-0.22039085799999997
6.5,0.00010103400000000024,0.009116616999999992,-0.20324887699999997
6.51,-0.023616743000000003,0.007465776999999999,-0.23049817700000003
6.52,-0.002424872,0.013461044,-0.21123355600000004
6.53,-0.01300939899999999,0.007180407999999998,-0.209636513
6.54,-0.004964984999999999,0.016671989999999998,-0.21260531500000004
6.55,0.008522693999999997,0.008929044999999998,-0.21620540799999996
6.56,-0.017318027999999996,-0.002413259000000001,-0.22968359100000002
6.57,-0.0005626820000000033,0.013600476000000004,-0.210866216
6.58,-0.0026721009999999988,0.007076753999999996,-0.22311726600000006
6.59,-0.013060299999999992,0.016893810000000002,-0.201174965
6.6,0.0027053729999999923,0.006975246999999995,-0.23489806700000004
6.61,-0.015751975999999994,0.013651883000000007,-0.20649962999999996
6.62,0.004954456999999993,0.00466636900000001,-0.21727092200000006
6.63,-0.011396191,0.009775835000000002,-0.24062877199999996
6.64,-0.014247494999999994,0.017232773999999996,-0.24007689600000007
6.65,-0.0008622469999999913,-0.0011997359999999988,-0.213758401
6.66,-0.005932787999999997,0.008259559000000003,-0.209388935
6.67,-0.011285968999999998,0.008922103999999993,-0.19730483300000004
6.68,-0.0036497340000000004,0.020536637,-0.22776775599999996
6.69,-0.0011806409999999992,-0.0027396450000000037,-0.20988144800000005
6.7,-0.021521482,0.006853090000000001,-0.22439464899999997
6.71,-0.03369501799999999,0.022718379999999996,-0.23034168199999996
6.72,-0.016453030999999993,0.000602611999999999,-0.22033139900000004
6.73,-0.008384649999999997,0.008451128000000004,-0.21792789100000004
6.74,-0.0019459890000000032,-0.002540052,-0.222563957
6.75,-0.015385949999999995,0.019113846000000004,-0.224369725
6.76,-0.014172378000000001,0.008252381999999996,-0.21807754899999998
6.77,-0.010231808999999998,0.0004304249999999976,-0.22133010499999997
6.78,-0.031582776,0.004630893999999999,-0.251865884
6.79,-0.007018826999999993,-0.0015430159999999967,-0.24135754000000004
6.8,0.0009713169999999988,0.0006191990000000019,-0.22158889799999995
6.81,0.002349796999999999,-0.0009263890000000013,-0.21086011500000007
6.82,-0.010256955999999996,0.019812227999999998,-0.220805436
6.83,0.001546397999999997,0.009751807000000001,-0.22798848000000002
6.84,0.013767960000000003,0.007751895000000004,-0.22222742199999998
6.85,0.004018845000000001,0.016807618999999996,-0.22268166600000003
6.86,-0.002934305,0.010001381000000007,-0.23403852700000002
6.87,-0.014649848999999998,0.022057047,-0.23079188800000003
6.88,-0.004392362999999997,-0.0008691219999999931,-0.22346711900000002
6.89,-0.012309067999999996,0.024051587000000003,-0.21068299199999999
6.9,-0.016269477,0.004689466000000002,-0.22068935799999995
6.91,0.0023472470000000054,0.013899607,-0.22920971800000006
6.92,-0.009178145999999995,0.004396595000000003,-0.23142437399999996
6.93,0.007336140000000004,0.021353139,-0.21686570000000002
6.94,-0.011806652999999997,0.0061053580000000034,-0.23112781800000004
6.95,-0.012298903000000003,0.012091124,-0.21456579899999997
6.96,-0.004607403000000004,0.023487191999999997,-0.19637656400000003
6.97,-0.014525188999999997,0.024349265999999998,-0.215170396
6.98,-0.006987373999999996,0.016487113999999997,-0.23830836499999997
6.99,-0.0029299049999999952,0.017067582000000005,-0.21744189100000003
7.0,0.002549966999999998,0.0040727399999999974,-0.21007077000000005
7.01,-0.023302287999999994,0.010980156,-0.22567975500000007
7.02,-0.005012431999999998,0.016118793,-0.240071498
7.03,-0.008374405999999996,0.015430587999999999,-0.22793147399999997
7.04,-0.008397268999999999,0.0028229390000000035,-0.20594332300000004
7.05,-0.0035198210000000015,0.012826914,-0.22801256500000006
7.06,-0.008829472999999997,0.008908981000000003,-0.23382048500000002
7.07,-0.009763723999999994,0.015853735000000004,-0.23076753600000002
7.08,-0.016262509999999997,-0.004471227999999999,-0.22381438900000009
7.09,-0.020369777999999998,-0.010380923999999996,-0.244126841
7.1,-0.010168019999999996,0.0012784909999999999,-0.217664868
7.11,-0.005617927000000001,-0.0004558579999999992,-0.211257395
7.12,-0.011346702,0.013770741000000003,-0.1955400960000001
7.13,-0.025971257999999994,0.021788835,-0.22569147700000003
7.14,0.0016559019999999936,-0.0023131839999999976,-0.23053201300000004
7.15,0.0022926040000000006,0.0013574249999999993,-0.22393553800000002
7.16,0.006899313000000012,0.004110591000000003,-0.21182788199999997
7.17,-0.0005688860000000001,0.02425876,-0.22177432800000002
7.18,0.011483815000000008,-0.0027112389999999946,-0.22915921400000003
7.19,-0.0038683559999999977,-0.005159090999999992,-0.21610905499999997
7.2,-0.021682100999999992,0.010661676000000002,-0.2010000920000001
7.21,-0.020348318000000004,0.015525377,-0.23631338500000001
7.22,-0.020063848999999998,-0.00035521799999999255,-0.24611265499999996
7.23,-0.01783377699999999,0.014484536999999999,-0.22534409200000005
7.24,-0.015828361,0.013674089999999998,-0.20993957500000002
7.25,0.009338574000000002,0.013795724000000002,-0.21856208099999996
7.26,-0.020095202,-0.0051566769999999975,-0.21996648500000004
7.27,-0.014939354999999998,0.014405944000000002,-0.19695032900000004
7.28,-0.018180001999999994,0.014770853999999998,-0.22592555899999997
7.29,-0.016570610999999992,0.020940004000000005,-0.24636778500000003
7.3,-0.021878692999999998,0.017606513999999997,-0.22625918199999998
7.31,-0.009758554999999997,-0.011063160999999998,-0.212653014
7.32,-0.0011796249999999988,-0.0006052640000000002,-0.21332235999999996
7.33,-0.010901347999999998,0.008452989000000008,-0.21736881200000005
7.34,-0.007460299999999996,0.006395415000000003,-0.21741840099999998
7.35,-0.009419552999999997,0.016511136,-0.20831585600000005
7.36,-0.007377472999999988,0.004889689,-0.234120158
7.37,-0.023922498,0.011513764999999999,-0.23810742799999998
7.38,-0.005775411000000002,0.003874189999999999,-0.225913337
7.39,-0.011134672000000003,0.010632576000000003,-0.20665608600000007
7.4,-0.007990832999999996,0.016130266000000004,-0.22498437099999993
7.41,-0.016950839,0.020693842000000004,-0.22379743600000004
7.42,0.005062464,0.008504034000000002,-0.22649892900000002
7.43,-8.009999999999636e-05,0.007748276,-0.22481327299999998
7.44,-0.018499105,0.010295497000000002,-0.2269231720000001
7.45,-0.014025394999999994,0.01201331000000001,-0.23361963100000002
7.46,-0.003789852999999994,0.016442931999999993,-0.203180668
7.47,-0.005655467000000003,0.011902300000000003,-0.22057093699999997
7.48,-0.004120325,0.012549861000000002,-0.20876864000000006
7.49,-0.012075113999999994,0.004136007000000003,-0.20362556799999998
7.5,-0.017651533,0.009592506,-0.22009675000000006
7.51,-0.007159262000000001,0.009337460000000004,-0.23281662699999997
7.52,-0.021746757999999995,-0.004501482999999992,-0.22972886600000003
7.53,-0.009569428999999997,0.004557274999999999,-0.23912006099999997
7.54,0.007598573000000001,0.015119085000000004,-0.21628422600000005
7.55,-0.00023424599999999617,0.0024356130000000053,-0.21896646499999997
7.56,-0.014631064000000003,-0.009144613999999999,-0.23877144900000002
7.57,-0.005861981999999995,-0.002703667,-0.214611957
7.58,-0.008173806999999995,0.009711746999999998,-0.21025119300000003
7.59,-0.018498345,0.013463898000000002,-0.23398662199999998
7.6,-0.006745415999999994,0.013383448000000004,-0.23588308200000005
7.61,0.0010844950000000032,-0.0030300589999999947,-0.21788666599999992
7.62,0.011703486000000003,0.015023564000000007,-0.20339685400000004
7.63,-0.013623518999999997,0.029629269999999996,-0.224276413
7.64,-0.03300916899999999,-0.002195255999999998,-0.2305335139999999
7.65,-0.011771324000000005,-0.006453969000000004,-0.203713451
7.66,-0.0018322930000000065,-0.004326098999999999,-0.22451452400000002
7.67,-0.015824467999999998,0.005174295000000002,-0.23104529500000004
7.68,-0.030977573999999997,0.0067621939999999965,-0.20953198600000011
7.69,-0.021451835999999995,0.005451504999999997,-0.205652691
7.7,-0.0007847389999999959,-0.0019733390000000045,-0.189501599
7.71,-0.004073032999999995,0.008025057999999995,-0.20536820899999994
7.72,-0.017883372999999994,-0.014432847999999998,-0.1756269420000001
7.73,-0.008446615999999992,-0.006854880000000004,-0.17750279500000002
7.74,-0.0019405370000000032,-0.003551809000000004,-0.169387403
7.75,-0.0004127949999999992,0.012247776999999996,-0.17143970200000003
7.76,-0.0007404970000000028,-0.002774697999999999,-0.15686151699999995
7.77,0.0016168939999999998,-0.0038728229999999953,-0.15709161600000004
7.78,-0.0029056120000000053,-0.018973465999999998,-0.16015462699999994
7.79,-0.022116630999999998,0.0022876209999999953,-0.180489057
7.8,6.679999999999805e-05,0.006435028999999999,-0.17567464500000002
7.81,0.007816536000000002,-0.0015606759999999987,-0.15903650100000002
7.82,-0.0035366459999999996,-0.004901272000000001,-0.196047757
7.83,0.0037472819999999993,-0.00011379699999999812,-0.16821219600000004
7.84,-0.01190141899999999,0.0009791950000000032,-0.16314077700000001
7.85,-0.005230814999999999,0.0015137250000000029,-0.15952156400000006
7.86,-0.006453858999999996,-0.009700448999999995,-0.17179721099999998
7.87,-0.011868472,-0.0005364489999999973,-0.16405702300000005
7.88,-0.017023196999999997,-0.011599984000000002,-0.16857618899999993
7.89,-0.008559177999999997,0.008291352999999996,-0.16837458500000008
7.9,0.0009168600000000013,-0.008416753999999999,-0.175068628
7.91,-0.00438636999999999,-0.014738875,-0.17350481899999995
7.92,0.0027079679999999946,-0.0016295820000000022,-0.16090399
7.93,-0.01470299299999999,-0.012521486000000002,-0.17633593600000008
7.94,-0.016789380999999996,-0.0027193979999999987,-0.17142243500000004
7.95,0.0005850759999999922,-0.0031859929999999968,-0.1675081440000001
7.96,-0.0066681209999999965,-0.0030983380000000017,-0.156076279
7.97,0.0001473659999999979,-0.010012469,-0.16265145899999997
7.98,-0.0057497890000000025,-0.0012528590000000007,-0.181496439
7.99,0.0033578939999999984,-0.015434823999999993,-0.17560610500000007
8.0,0.001898508999999997,0.0036554359999999937,-0.174396606
8.01,-0.011826924000000006,-1.150000000000357e-05,-0.18099668800000002
8.02,-0.010413269,0.012396979,-0.19662597000000004
8.03,-0.0026764059999999984,0.009164796999999999,-0.18888322599999996
8.04,-0.011550922999999996,0.009874745999999997,-0.167881742
8.05,0.0012733150000000001,0.012591539,-0.179686487
8.06,-0.009539476000000002,0.009645166999999993,-0.17387094600000003
8.07,-0.012362334000000003,-0.005365720000000001,-0.18061985400000008
8.08,-0.0038288520000000063,0.008536516999999995,-0.17656871899999999
8.09,-0.035840885999999995,-0.004480820000000002,-0.18677354800000004
8.1,-0.005971986000000001,0.0027571300000000026,-0.181406143
8.11,-0.004986939000000005,-0.0032376600000000033,-0.174535393
8.12,-0.010132197999999997,0.011759935,-0.17573744600000002
8.13,-0.009651087,0.004382875000000001,-0.195508064
8.14,-0.0012429980000000001,0.0018523489999999986,-0.19687224800000006
8.15,0.010490585999999998,0.020618645999999997,-0.19095299199999993
8.16,-0.010822882999999995,0.008405282,-0.19772215400000012
8.17,-0.011823983999999992,0.004830785999999995,-0.21236826799999992
8.18,-0.012894966999999997,0.0027478760000000033,-0.18654207099999998
8.19,-0.010832981,-0.001826876000000003,-0.18367388
8.2,-0.0038507909999999997,0.0047003190000000005,-0.19231519300000005
8.21,-0.008904882999999995,0.020022337000000005,-0.196673366
8.22,-0.0183908,0.008519223999999997,-0.1795106420000001
8.23,0.0019865400000000023,0.008149315000000006,-0.19828185100000004
8.24,-0.01405921799999999,-0.006746409,-0.19185626500000003
8.25,-0.009262180999999996,0.01546571199999999,-0.219960494
8.26,-0.014264053999999998,-0.004655520999999999,-0.19654935100000004
8.27,-0.003572697999999997,0.001271885999999996,-0.19309043399999998
8.28,0.007184509000000002,0.010500217000000001,-0.19227543200000005
8.29,-0.026443509999999996,0.002949406999999993,-0.195798994
8.3,0.00038085500000000064,0.0049014429999999975,-0.200587549
8.31,-0.008648123000000004,0.001535338999999999,-0.19166451100000007
8.32,-0.0002030520000000042,0.007696775000000001,-0.20799357199999996
8.33,-0.007521463999999994,-0.000729904000000004,-0.199248108
8.34,-0.010026121999999997,0.004001872,-0.18798192100000008
8.35,-0.016348015,0.006043708999999998,-0.18377707500000007
8.36,-0.017300953,0.005468069000000002,-0.19477769600000003
8.37,-0.019370921999999992,0.005805807999999999,-0.20837139500000007
8.38,-0.009607565999999996,0.013284374999999992,-0.206365341
8.39,-0.005994107999999996,6.289999999999586e-05,-0.23540955299999997
8.4,-0.0035998440000000026,0.007225721000000002,-0.22039105700000003
8.41,-0.008093140999999998,0.02086747099999999,-0.19935510300000012
8.42,0.004111434000000009,0.021430396,-0.20127994700000001
8.43,-0.011398082999999996,0.006598538999999999,-0.19462624200000006
8.44,-0.0041764119999999965,0.010047621999999999,-0.21305925999999997
8.45,-0.013310290999999997,0.004071438000000002,-0.21093293600000002
8.46,-0.015410556000000008,0.010476146000000004,-0.20268244099999996
8.47,-0.0026610269999999977,-0.005904687999999996,-0.23046369700000002
8.48,-0.001677864000000001,0.006847497000000006,-0.23135489399999998
8.49,-0.0036813880000000085,-0.0009939089999999977,-0.20821286800000008
8.5,-0.007224042999999997,0.009149460000000002,-0.1979759650000001
8.51,-0.004895421999999997,0.006012377000000007,-0.19083365000000005
8.52,-0.007691012999999999,0.007309620999999999,-0.21866924499999998
8.53,0.001977554000000007,-0.000710390999999997,-0.19643191200000001
8.54,-0.009059025999999994,0.01774813,-0.21945518300000003
8.55,-0.026362199,0.009586603999999997,-0.21432660400000003
8.56,-0.019069889999999996,0.00857618199999999,-0.21103743099999997
8.57,-0.013945253999999999,0.004894458000000002,-0.22130483399999998
8.58,-0.013021849999999996,-0.001683063999999999,-0.18717582600000002
8.59,-0.015525559999999999,0.020007722,-0.206793017
8.6,-0.004850695999999991,0.011343628000000003,-0.20210315200000006
8.61,-0.011153745999999994,-0.0013944060000000008,-0.2037726290000001
8.62,-0.013253754000000001,0.0012277810000000055,-0.232526987
8.63,-0.009307987,0.016795401,-0.221644158
8.64,-0.005243422,0.0025006680000000015,-0.22126487900000003
8.65,0.0011014459999999994,0.010999388999999993,-0.20832241599999998
8.66,-0.00547820599999999,0.015782549000000003,-0.204794168
8.67,-0.012155607999999998,0.015130659999999999,-0.241810644
8.68,-0.016030524999999997,0.0068507269999999966,-0.19305803500000007
8.69,-0.013126481999999993,0.004744511999999998,-0.22480881699999997
8.7,-0.028383781000000004,0.014800067999999994,-0.23176669400000008
8.71,-0.008230500000000002,0.007065563999999996,-0.215923496
8.72,-0.008973507999999998,0.014885629,-0.21034440900000004
8.73,-0.013492254000000006,0.0014824969999999978,-0.19254007000000004
8.74,-0.026965767,0.025943688999999992,-0.22216969
8.75,-0.009245644999999999,0.006102516000000007,-0.22667658499999999
8.76,-0.016836797,0.0024019680000000004,-0.23089068700000007
8.77,-0.012004426999999995,-0.0034909009999999976,-0.20999285500000006
8.78,-0.013681476999999994,0.004487734000000007,-0.216825188
8.79,-0.0017126530000000002,-0.005051809999999997,-0.231510846
8.8,-0.001234627000000001,0.005807091000000004,-0.22503073700000006
8.81,-0.012957446999999997,0.006944840999999999,-0.229526956
8.82,-0.024955971,-0.0026548650000000006,-0.234229448
8.83,-0.018707369,-0.007659166000000002,-0.21695224800000001
8.84,-0.008494558,0.006041717999999992,-0.20528807499999996
8.85,-0.026712542,0.014616705999999997,-0.23978805700000005
8.86,0.006001607000000005,0.006662849,-0.228026986
8.87,-0.0047047239999999995,0.023877708999999997,-0.21830761700000004
8.88,0.010548277999999996,0.012727008000000003,-0.231403755
8.89,-0.018043893,0.011805226000000004,-0.22899586500000008
8.9,-0.009918644999999993,0.014966624000000006,-0.226470132
8.91,-0.010176393000000002,0.002561627000000003,-0.21157489600000004
8.92,-0.008734043999999995,0.010342743,-0.21248094
8.93,-0.017739590999999996,-0.005545166999999997,-0.22537145
8.94,-0.020226122000000003,0.013903674,-0.20795395600000005
8.95,-0.006392023999999995,0.007542768,-0.21419875100000008
8.96,-0.005021602999999994,0.009635682000000003,-0.21769499599999997
8.97,-0.010495590999999997,0.020576785999999993,-0.22583516200000003
8.98,-0.005126020999999991,0.008150371999999998,-0.22344410199999998
8.99,0.00048068400000000075,0.012125604000000002,-0.238182252
9.0,-0.00011847899999999783,0.015125250999999998,-0.20868047
9.01,-0.007077705999999997,0.013634752999999998,-0.21814340700000004
9.02,-0.018067565999999997,-0.005983999999999995,-0.229552012
9.03,-0.012778376000000001,0.011228598000000001,-0.1959952580000001
9.04,-0.005963236999999998,-0.005097522000000001,-0.224694306
9.05,-0.01965853299999999,0.0014225359999999994,-0.23618238899999996
9.06,-0.014829740000000003,-0.003500575999999995,-0.23035914999999998
9.07,0.005937554000000001,-0.0072974459999999965,-0.21556246300000012
9.08,-0.007891235999999994,0.013644073999999994,-0.228259814
9.09,-0.004358414999999999,-0.010333332,-0.23750494100000005
9.1,-0.007344021999999997,-0.005232040000000005,-0.219066164
9.11,-0.006522949000000005,0.013717652000000002,-0.23237030199999992
9.12,-0.017361698000000002,0.005340135999999996,-0.24138961800000003
9.13,-0.02484395099999999,-0.0035794349999999967,-0.236791628
9.14,-0.006513078999999998,0.007995003999999998,-0.22649917200000003
9.15,-0.017621056,0.013228638999999999,-0.20864727399999997
9.16,-0.0027991280000000036,0.007725051999999999,-0.22017401300000003
9.17,-0.01602173,0.00667146,-0.22683105899999995
9.18,-0.016778347,0.013869851000000002,-0.20905166700000002
9.19,-0.026693478,0.022452841999999994,-0.22631418499999997
9.2,-0.0070604699999999975,0.00028077800000000106,-0.24143487900000002
9.21,-0.009224318999999998,0.017018357000000005,-0.21469748200000002
9.22,-0.004111377999999995,0.00020674500000000256,-0.20476348100000005
9.23,-0.004284026999999993,0.017916747999999993,-0.22818435999999992
9.24,-0.009240367,-0.0045379420000000005,-0.223926263
9.25,-0.020352487999999985,0.0013777570000000027,-0.21378717000000005
9.26,-0.013419230999999997,-3.0299999999996732e-05,-0.215848942
9.27,-0.025307718,0.0011393079999999988,-0.23786089100000002
9.28,-0.0022024060000000005,0.008386611000000007,-0.22675597300000003
9.29,-0.003157757999999997,0.0030091900000000027,-0.22223407099999998
9.3,-0.0017126930000000043,0.0009994059999999987,-0.22384064400000012
9.31,0.008467960999999998,0.008618633000000002,-0.23241760100000003
9.32,-0.006710231000000001,0.006769825999999995,-0.22824500499999997
9.33,-0.009208427,0.002285484999999996,-0.21056208099999996
9.34,-0.008845527,-0.00021301400000000084,-0.22744321300000006
9.35,-0.021978404999999993,-0.002673535999999999,-0.24729095799999998
9.36,-0.003947101999999998,0.014730742999999996,-0.24074070800000003
9.37,-0.016532380999999995,0.008298923999999994,-0.21084820699999995
9.38,-0.004943947,-0.002965882999999997,-0.20941027899999995
9.39,-0.021839389,0.007679241999999994,-0.23198600500000005
9.4,-0.010115488999999993,0.0035664990000000003,-0.22824975800000002
9.41,-0.010111037999999985,0.011328441999999996,-0.20990582199999996
9.42,-0.011378982000000008,0.004538071999999999,-0.233402645
9.43,-0.013601405999999996,-0.0018496460000000034,-0.21599739000000004
9.44,-0.020691206,0.0002567510000000024,-0.18859374699999995
9.45,-0.014434894,-0.002867276999999998,-0.17747041900000002
9.46,-0.005673464999999999,0.008098824999999997,-0.189897085
9.47,-0.011386890999999996,-0.014369056000000005,-0.18924316900000002
9.48,-0.008318439,0.017568862000000005,-0.163191333
9.49,-0.011285371999999993,-0.006201561000000001,-0.16115924599999998
9.5,-0.013249154999999995,-0.012763394999999999,-0.19267164999999994
9.51,-0.006104610999999996,-0.007236549000000002,-0.164282752
9.52,-0.011645683999999995,-0.013306361000000003,-0.14178296700000004
9.53,-0.006214295,0.012924394,-0.16100643100000003
9.54,0.004605490999999995,0.011860574,-0.16550176400000002
9.55,-0.0038941719999999987,0.002816131000000001,-0.1670366470000001
9.56,-0.014924042,-0.00016307299999999763,-0.14820394200000003
9.57,-0.014875871000000002,-0.008858788999999999,-0.17514882700000015
9.58,-0.012811842999999998,0.0063980789999999975,-0.17725167000000003
9.59,-0.006560496999999999,-0.007722942000000001,-0.167720834
9.6,-0.009255215,-0.010596778999999997,-0.14482173600000003
9.61,0.00020136199999999928,-0.005278788000000002,-0.15317850300000005
9.62,-0.006028479999999996,-0.011223174000000002,-0.16363143899999996
9.63,0.00013399899999999842,0.0041280240000000044,-0.15963267600000003
9.64,-0.0018979889999999975,-0.011640845000000007,-0.16312728200000004
9.65,-0.027576276999999993,-0.000960132000000003,-0.1795379079999999
9.66,-0.009719684,-0.0005563720000000048,-0.16745979700000005
9.67,-0.010971757,0.0010491930000000034,-0.156204326
9.68,0.009800878000000004,-0.005980353000000001,-0.15609067699999996
9.69,-0.015006463999999995,0.008356452999999996,-0.16392605900000007
9.7,-0.022087679999999988,-0.008609393999999994,-0.172636056
9.71,-0.0034162349999999953,-0.001460602000000007,-0.15818018599999997
9.72,-0.004519445000000002,-0.010641717999999996,-0.16743548500000002
9.73,-0.035108472999999994,-0.011506363000000002,-0.18130118600000003
9.74,-0.010713315999999995,0.0011608889999999998,-0.182533006
9.75,-0.0025348770000000022,-7.08000000000006e-05,-0.1618397
9.76,0.009968097000000004,0.010208757,-0.19422444800000002
9.77,-0.0006827489999999968,0.0030324150000000005,-0.17703550699999995
9.78,-0.019643161,0.0035872569999999995,-0.164276808
9.79,-0.0022231749999999956,0.004196770000000004,-0.17775307499999998
9.8,-0.016407513,-0.00033937700000000295,-0.17405402700000003
9.81,0.0014462839999999954,0.006898988999999998,-0.20060225000000004
9.82,-0.0028419549999999993,0.0025963409999999994,-0.17731471300000004
9.83,-0.018177065999999988,-0.0032087789999999967,-0.173120561
9.84,-0.017410548,-0.008442036000000003,-0.18376771000000006
9.85,-0.007773247000000005,-0.014695807,-0.19881028600000003
9.86,-0.013943515999999993,0.018911484000000003,-0.17743523800000002
9.87,-0.005705040000000001,-0.008231902,-0.18263478199999997
9.88,-0.00942233999999999,-0.0017778950000000003,-0.22042193100000007
9.89,-0.004409147999999999,-0.0014635919999999969,-0.20346076100000002
9.9,-0.010266839000000003,-0.010737441999999995,-0.18191827800000007
9.91,-0.004678899,0.011031641,-0.17502634099999997
9.92,-0.020264445,0.0014675700000000012,-0.199901582
9.93,-0.018262549000000003,0.005137091000000003,-0.21414064
9.94,-0.007352093000000001,0.0010145050000000054,-0.19968521899999997
9.95,-0.01186713599999999,-0.004792021,-0.18265767599999994
9.96,-0.0053935089999999925,-0.006214889999999995,-0.219828035
9.97,0.00046978400000000125,-0.0011366399999999945,-0.195951806
9.98,-0.0036448119999999973,0.005620778000000004,-0.20409584199999994
